<?xml version = '1.0' encoding = 'UTF-8'?>
<Diagram class="oracle.dbtools.crest.swingui.relational.DPVRelational" name="Relational_1" id="559EC18B-48B0-66F8-2655-E345ACCD0785">
<createdBy>admin</createdBy>
<modifiedBy>admin</modifiedBy>
<createdTime>2019-04-30 14:04:40 UTC</createdTime>
<autoRoute>false</autoRoute>
<boxInbox>true</boxInbox>
<showLegend>false</showLegend>
<showLabels>false</showLabels>
<showRelAttributes>false</showRelAttributes>
<gridEnabled>false</gridEnabled>
<showGrid>false</showGrid>
<diagramColor>-1</diagramColor>
<display>false</display>
<notation>1</notation>
<objectViews>
<OView class="oracle.dbtools.crest.swingui.relational.TVTable" oid="053764A9-E7D7-AC9B-E7E8-7C7523290BF7" otype="Table" vid="EB70B14B-9334-DBB1-01FF-548546A50FC3">
<hideElementsInCurrentOnly>false</hideElementsInCurrentOnly>
<bounds x="510" y="406" width="170" height="114"/>
</OView>
<OView class="oracle.dbtools.crest.swingui.relational.TVTable" oid="17FED759-F952-AB09-8A0F-8E0F7B92B5B8" otype="Table" vid="6991719B-09DD-9575-D31C-FE779C7404FC">
<hideElementsInCurrentOnly>false</hideElementsInCurrentOnly>
<bounds x="731" y="219" width="170" height="114"/>
</OView>
<OView class="oracle.dbtools.crest.swingui.relational.TVTable" oid="19711FA6-95D5-BBCD-D9EB-93F1599D07BA" otype="Table" vid="087D395A-AC6D-D412-70EC-BB01C3D6D7E8">
<hideElementsInCurrentOnly>false</hideElementsInCurrentOnly>
<bounds x="958" y="221" width="170" height="115"/>
</OView>
<OView class="oracle.dbtools.crest.swingui.relational.TVTable" oid="1FCA5EA8-EA15-0592-BB33-B2685961F488" otype="Table" vid="A7E1973C-E421-7755-D72B-DF9DE9D2A255">
<hideElementsInCurrentOnly>false</hideElementsInCurrentOnly>
<bounds x="273" y="818" width="170" height="118"/>
</OView>
<OView class="oracle.dbtools.crest.swingui.relational.TVTable" oid="2BF9461A-5842-7A1E-7EA9-340CCF86691D" otype="Table" vid="490E81D8-9EB4-F443-DCB3-070C33B742F1">
<hideElementsInCurrentOnly>false</hideElementsInCurrentOnly>
<bounds x="511" y="216" width="170" height="113"/>
</OView>
<OView class="oracle.dbtools.crest.swingui.relational.TVTable" oid="44BC519D-3D40-43B1-BA92-3C2250EFFE87" otype="Table" vid="18D03586-8624-8F16-5E9C-853A98BD64A4">
<hideElementsInCurrentOnly>false</hideElementsInCurrentOnly>
<bounds x="967" y="777" width="170" height="115"/>
</OView>
<OView class="oracle.dbtools.crest.swingui.relational.TVTable" oid="4ADBC947-C485-3505-3D7E-9CA37860B3C3" otype="Table" vid="6C25C043-93A1-3AB4-8EEB-3397F292C833">
<hideElementsInCurrentOnly>false</hideElementsInCurrentOnly>
<bounds x="11" y="405" width="170" height="116"/>
</OView>
<OView class="oracle.dbtools.crest.swingui.relational.TVTable" oid="4D6C09C0-978A-ACB9-1DE1-122DDEC5C283" otype="Table" vid="B649B0FC-E413-99E0-F437-E0FC37691EEC">
<hideElementsInCurrentOnly>false</hideElementsInCurrentOnly>
<bounds x="13" y="27" width="170" height="111"/>
</OView>
<OView class="oracle.dbtools.crest.swingui.relational.TVTable" oid="6A335EA5-5891-7190-7385-4D1B5C3A7F99" otype="Table" vid="D4A37C49-4CCB-0F95-639F-C30DBB69C18C">
<hideElementsInCurrentOnly>false</hideElementsInCurrentOnly>
<bounds x="265" y="217" width="170" height="115"/>
</OView>
<OView class="oracle.dbtools.crest.swingui.relational.TVTable" oid="6A80AED8-2F7C-344E-C898-2E1D4396E4A2" otype="Table" vid="EDF58F63-C11E-9196-6A4C-D79E67F59383">
<hideElementsInCurrentOnly>false</hideElementsInCurrentOnly>
<bounds x="540" y="818" width="170" height="117"/>
</OView>
<OView class="oracle.dbtools.crest.swingui.relational.TVTable" oid="A0901A93-2B7F-87C7-FDD4-5D7F9BF6A99E" otype="Table" vid="C70D9869-5C1F-EC0D-C64E-F3E520B83FC5">
<hideElementsInCurrentOnly>false</hideElementsInCurrentOnly>
<bounds x="960" y="403" width="170" height="114"/>
</OView>
<OView class="oracle.dbtools.crest.swingui.relational.TVTable" oid="B3C02A98-F064-97B4-1B5F-4C69FA169A15" otype="Table" vid="8743C05F-B3F7-9130-587B-2195F1133FA9">
<hideElementsInCurrentOnly>false</hideElementsInCurrentOnly>
<bounds x="1197" y="223" width="170" height="113"/>
</OView>
<OView class="oracle.dbtools.crest.swingui.relational.TVTable" oid="BEA7B4A6-E700-05E5-DD97-FF20E4BBD6E1" otype="Table" vid="7174FD17-6E4E-EA7C-77C1-AB0697C36FCD">
<hideElementsInCurrentOnly>false</hideElementsInCurrentOnly>
<bounds x="728" y="404" width="170" height="123"/>
</OView>
<OView class="oracle.dbtools.crest.swingui.relational.TVTable" oid="D2D7B7BC-AB75-9D75-82A7-63A27C210B41" otype="Table" vid="0DF4177D-DA22-6E61-E1E4-178CC343D1D7">
<hideElementsInCurrentOnly>false</hideElementsInCurrentOnly>
<bounds x="510" y="26" width="170" height="112"/>
</OView>
<OView class="oracle.dbtools.crest.swingui.relational.TVTable" oid="D57C37A3-D185-E003-40B6-6080C783A4ED" otype="Table" vid="C55A803B-FE1A-C688-0F43-8371B8FFAF9A">
<hideElementsInCurrentOnly>false</hideElementsInCurrentOnly>
<bounds x="268" y="402" width="170" height="118"/>
</OView>
<OView class="oracle.dbtools.crest.swingui.relational.TVTable" oid="E29BEC2B-6155-65ED-641C-12A67E938980" otype="Table" vid="C6841562-E1D5-0623-BAA9-0361B21D1517">
<hideElementsInCurrentOnly>false</hideElementsInCurrentOnly>
<bounds x="1427" y="222" width="170" height="115"/>
</OView>
<OView class="oracle.dbtools.crest.swingui.relational.TVTable" oid="E9CD8F71-06BF-5FBA-65AA-DA24B4132F7A" otype="Table" vid="1F99DD43-CE98-A6F8-7F7E-85D358AD083B">
<hideElementsInCurrentOnly>false</hideElementsInCurrentOnly>
<bounds x="962" y="574" width="170" height="114"/>
</OView>
<OView class="oracle.dbtools.crest.swingui.relational.TVTable" oid="EBF957D9-250F-F537-00D3-C3EAB0F9541E" otype="Table" vid="B9D85963-98D0-60D7-16FC-7208B7F022E9">
<hideElementsInCurrentOnly>false</hideElementsInCurrentOnly>
<bounds x="957" y="25" width="170" height="112"/>
</OView>
<OView class="oracle.dbtools.crest.swingui.relational.TVTable" oid="F63F7007-C94E-7A6E-C1A2-32FD34D1E92A" otype="Table" vid="2471BB18-FFC2-BA14-2A76-2AEE7C95F900">
<hideElementsInCurrentOnly>false</hideElementsInCurrentOnly>
<bounds x="275" y="593" width="170" height="115"/>
</OView>
</objectViews>
<connectors>
<Connector class="oracle.dbtools.crest.swingui.relational.TVFKRelation" oid="02A2FFA0-F45D-09E9-A73C-CC0BF4DAF819" otype="FKIndexAssociation" vid_source="087D395A-AC6D-D412-70EC-BB01C3D6D7E8" vid_target="B9D85963-98D0-60D7-16FC-7208B7F022E9">
<hideElementsInCurrentOnly>false</hideElementsInCurrentOnly>
<backgroundColor>-16777216</backgroundColor>
<lineWidth>1</lineWidth>
<points>
<point x="1042" y="221"/>
<point x="1042" y="137"/>
</points>
</Connector>
<Connector class="oracle.dbtools.crest.swingui.relational.TVFKRelation" oid="0444C224-F9A5-6EB1-CECD-E4157A8FED8C" otype="FKIndexAssociation" vid_source="8743C05F-B3F7-9130-587B-2195F1133FA9" vid_target="C6841562-E1D5-0623-BAA9-0361B21D1517">
<hideElementsInCurrentOnly>false</hideElementsInCurrentOnly>
<backgroundColor>-16777216</backgroundColor>
<lineWidth>1</lineWidth>
<points>
<point x="1367" y="279"/>
<point x="1427" y="279"/>
</points>
</Connector>
<Connector class="oracle.dbtools.crest.swingui.relational.TVFKRelation" oid="0FF76DFD-DAD9-7562-0D5F-67538780283B" otype="FKIndexAssociation" vid_source="B649B0FC-E413-99E0-F437-E0FC37691EEC" vid_target="0DF4177D-DA22-6E61-E1E4-178CC343D1D7">
<hideElementsInCurrentOnly>false</hideElementsInCurrentOnly>
<backgroundColor>-16777216</backgroundColor>
<lineWidth>1</lineWidth>
<points>
<point x="183" y="82"/>
<point x="510" y="82"/>
</points>
</Connector>
<Connector class="oracle.dbtools.crest.swingui.relational.TVFKRelation" oid="225005B3-7EB4-CA34-DB85-76308638DB31" otype="FKIndexAssociation" vid_source="EDF58F63-C11E-9196-6A4C-D79E67F59383" vid_target="A7E1973C-E421-7755-D72B-DF9DE9D2A255">
<hideElementsInCurrentOnly>false</hideElementsInCurrentOnly>
<backgroundColor>-16777216</backgroundColor>
<lineWidth>1</lineWidth>
<points>
<point x="540" y="891"/>
<point x="443" y="891"/>
</points>
</Connector>
<Connector class="oracle.dbtools.crest.swingui.relational.TVFKRelation" oid="312884F8-CBAF-5115-FD4F-395AADD82557" otype="FKIndexAssociation" vid_source="490E81D8-9EB4-F443-DCB3-070C33B742F1" vid_target="0DF4177D-DA22-6E61-E1E4-178CC343D1D7">
<hideElementsInCurrentOnly>false</hideElementsInCurrentOnly>
<backgroundColor>-16777216</backgroundColor>
<lineWidth>1</lineWidth>
<points>
<point x="595" y="216"/>
<point x="595" y="138"/>
</points>
</Connector>
<Connector class="oracle.dbtools.crest.swingui.relational.TVFKRelation" oid="36436687-35F5-1BA4-DEB5-C36826555218" otype="FKIndexAssociation" vid_source="0DF4177D-DA22-6E61-E1E4-178CC343D1D7" vid_target="B9D85963-98D0-60D7-16FC-7208B7F022E9">
<hideElementsInCurrentOnly>false</hideElementsInCurrentOnly>
<backgroundColor>-16777216</backgroundColor>
<lineWidth>1</lineWidth>
<points>
<point x="680" y="81"/>
<point x="957" y="81"/>
</points>
</Connector>
<Connector class="oracle.dbtools.crest.swingui.relational.TVFKRelation" oid="3B368F75-4DE1-E090-E654-BDDAD0E37BBE" otype="FKIndexAssociation" vid_source="B649B0FC-E413-99E0-F437-E0FC37691EEC" vid_target="6C25C043-93A1-3AB4-8EEB-3397F292C833">
<hideElementsInCurrentOnly>false</hideElementsInCurrentOnly>
<backgroundColor>-16777216</backgroundColor>
<lineWidth>1</lineWidth>
<points>
<point x="97" y="138"/>
<point x="97" y="405"/>
</points>
</Connector>
<Connector class="oracle.dbtools.crest.swingui.relational.TVFKRelation" oid="40080ED9-A80E-4BBD-F321-69520C38E7C8" otype="FKIndexAssociation" vid_source="C55A803B-FE1A-C688-0F43-8371B8FFAF9A" vid_target="6C25C043-93A1-3AB4-8EEB-3397F292C833">
<hideElementsInCurrentOnly>false</hideElementsInCurrentOnly>
<backgroundColor>-16777216</backgroundColor>
<lineWidth>1</lineWidth>
<points>
<point x="268" y="462"/>
<point x="181" y="462"/>
</points>
</Connector>
<Connector class="oracle.dbtools.crest.swingui.relational.TVFKRelation" oid="5BBDC8B8-3304-A013-E4AD-7E8C8E2195A5" otype="FKIndexAssociation" vid_source="C55A803B-FE1A-C688-0F43-8371B8FFAF9A" vid_target="2471BB18-FFC2-BA14-2A76-2AEE7C95F900">
<hideElementsInCurrentOnly>false</hideElementsInCurrentOnly>
<backgroundColor>-16777216</backgroundColor>
<lineWidth>1</lineWidth>
<points>
<point x="356" y="520"/>
<point x="356" y="593"/>
</points>
</Connector>
<Connector class="oracle.dbtools.crest.swingui.relational.TVFKRelation" oid="5C90534C-4FB4-8E27-CDA0-AB11F5A6E8EC" otype="FKIndexAssociation" vid_source="087D395A-AC6D-D412-70EC-BB01C3D6D7E8" vid_target="8743C05F-B3F7-9130-587B-2195F1133FA9">
<hideElementsInCurrentOnly>false</hideElementsInCurrentOnly>
<backgroundColor>-16777216</backgroundColor>
<lineWidth>1</lineWidth>
<points>
<point x="1128" y="279"/>
<point x="1197" y="279"/>
</points>
</Connector>
<Connector class="oracle.dbtools.crest.swingui.relational.TVFKRelation" oid="5E2E462A-9B6A-D3A3-FE6B-21D76D306967" otype="FKIndexAssociation" vid_source="C55A803B-FE1A-C688-0F43-8371B8FFAF9A" vid_target="EB70B14B-9334-DBB1-01FF-548546A50FC3">
<hideElementsInCurrentOnly>false</hideElementsInCurrentOnly>
<backgroundColor>-16777216</backgroundColor>
<lineWidth>1</lineWidth>
<points>
<point x="438" y="463"/>
<point x="510" y="463"/>
</points>
</Connector>
<Connector class="oracle.dbtools.crest.swingui.relational.TVFKRelation" oid="67BA6865-505A-1086-9B55-60186EDC1FE5" otype="FKIndexAssociation" vid_source="A7E1973C-E421-7755-D72B-DF9DE9D2A255" vid_target="6C25C043-93A1-3AB4-8EEB-3397F292C833">
<hideElementsInCurrentOnly>false</hideElementsInCurrentOnly>
<backgroundColor>-16777216</backgroundColor>
<lineWidth>1</lineWidth>
<points>
<point x="320" y="818"/>
<point x="132" y="521"/>
</points>
</Connector>
<Connector class="oracle.dbtools.crest.swingui.relational.TVFKRelation" oid="698BA083-E4A1-79BA-6665-F61E82681D98" otype="FKIndexAssociation" vid_source="490E81D8-9EB4-F443-DCB3-070C33B742F1" vid_target="6991719B-09DD-9575-D31C-FE779C7404FC">
<hideElementsInCurrentOnly>false</hideElementsInCurrentOnly>
<backgroundColor>-16777216</backgroundColor>
<lineWidth>1</lineWidth>
<points>
<point x="681" y="274"/>
<point x="731" y="274"/>
</points>
</Connector>
<Connector class="oracle.dbtools.crest.swingui.relational.TVFKRelation" oid="73C5BE01-4022-0073-549D-4C5E2154F554" otype="FKIndexAssociation" vid_source="0DF4177D-DA22-6E61-E1E4-178CC343D1D7" vid_target="D4A37C49-4CCB-0F95-639F-C30DBB69C18C">
<hideElementsInCurrentOnly>false</hideElementsInCurrentOnly>
<backgroundColor>-16777216</backgroundColor>
<lineWidth>1</lineWidth>
<points>
<point x="523" y="138"/>
<point x="423" y="217"/>
</points>
</Connector>
<Connector class="oracle.dbtools.crest.swingui.relational.TVFKRelation" oid="7E54543B-CFF8-2E98-B891-4827ECAE9D29" otype="FKIndexAssociation" vid_source="490E81D8-9EB4-F443-DCB3-070C33B742F1" vid_target="D4A37C49-4CCB-0F95-639F-C30DBB69C18C">
<hideElementsInCurrentOnly>false</hideElementsInCurrentOnly>
<backgroundColor>-16777216</backgroundColor>
<lineWidth>1</lineWidth>
<points>
<point x="511" y="273"/>
<point x="435" y="273"/>
</points>
</Connector>
<Connector class="oracle.dbtools.crest.swingui.relational.TVFKRelation" oid="926643EE-77E0-5FCA-C3E9-70025F05AB9F" otype="FKIndexAssociation" vid_source="490E81D8-9EB4-F443-DCB3-070C33B742F1" vid_target="EB70B14B-9334-DBB1-01FF-548546A50FC3">
<hideElementsInCurrentOnly>false</hideElementsInCurrentOnly>
<backgroundColor>-16777216</backgroundColor>
<lineWidth>1</lineWidth>
<points>
<point x="595" y="329"/>
<point x="595" y="406"/>
</points>
</Connector>
<Connector class="oracle.dbtools.crest.swingui.relational.TVFKRelation" oid="AC019914-6070-7FA9-A93E-66A49866E550" otype="FKIndexAssociation" vid_source="C55A803B-FE1A-C688-0F43-8371B8FFAF9A" vid_target="D4A37C49-4CCB-0F95-639F-C30DBB69C18C">
<hideElementsInCurrentOnly>false</hideElementsInCurrentOnly>
<backgroundColor>-16777216</backgroundColor>
<lineWidth>1</lineWidth>
<points>
<point x="351" y="402"/>
<point x="351" y="332"/>
</points>
</Connector>
<Connector class="oracle.dbtools.crest.swingui.relational.TVFKRelation" oid="B90156A9-A1D4-99B5-F1B5-1C15FBF3DF41" otype="FKIndexAssociation" vid_source="1F99DD43-CE98-A6F8-7F7E-85D358AD083B" vid_target="18D03586-8624-8F16-5E9C-853A98BD64A4">
<hideElementsInCurrentOnly>false</hideElementsInCurrentOnly>
<backgroundColor>-16777216</backgroundColor>
<lineWidth>1</lineWidth>
<points>
<point x="1049" y="688"/>
<point x="1049" y="777"/>
</points>
</Connector>
<Connector class="oracle.dbtools.crest.swingui.relational.TVFKRelation" oid="BB5D4B45-3D1B-B90C-327A-2ED1D9849A47" otype="FKIndexAssociation" vid_source="A7E1973C-E421-7755-D72B-DF9DE9D2A255" vid_target="2471BB18-FFC2-BA14-2A76-2AEE7C95F900">
<hideElementsInCurrentOnly>false</hideElementsInCurrentOnly>
<backgroundColor>-16777216</backgroundColor>
<lineWidth>1</lineWidth>
<points>
<point x="359" y="818"/>
<point x="359" y="708"/>
</points>
</Connector>
<Connector class="oracle.dbtools.crest.swingui.relational.TVFKRelation" oid="BBAE3723-4BC1-4E05-213D-CF311B397428" otype="FKIndexAssociation" vid_source="7174FD17-6E4E-EA7C-77C1-AB0697C36FCD" vid_target="6991719B-09DD-9575-D31C-FE779C7404FC">
<hideElementsInCurrentOnly>false</hideElementsInCurrentOnly>
<backgroundColor>-16777216</backgroundColor>
<lineWidth>1</lineWidth>
<points>
<point x="814" y="404"/>
<point x="814" y="333"/>
</points>
</Connector>
<Connector class="oracle.dbtools.crest.swingui.relational.TVFKRelation" oid="F2F70472-9396-1164-9995-EC12C30A9E3A" otype="FKIndexAssociation" vid_source="087D395A-AC6D-D412-70EC-BB01C3D6D7E8" vid_target="C70D9869-5C1F-EC0D-C64E-F3E520B83FC5">
<hideElementsInCurrentOnly>false</hideElementsInCurrentOnly>
<backgroundColor>-16777216</backgroundColor>
<lineWidth>1</lineWidth>
<points>
<point x="1044" y="336"/>
<point x="1044" y="403"/>
</points>
</Connector>
<Connector class="oracle.dbtools.crest.swingui.relational.TVFKRelation" oid="F5ABA589-7D26-FA4F-45DC-AB1E783F882C" otype="FKIndexAssociation" vid_source="1F99DD43-CE98-A6F8-7F7E-85D358AD083B" vid_target="C70D9869-5C1F-EC0D-C64E-F3E520B83FC5">
<hideElementsInCurrentOnly>false</hideElementsInCurrentOnly>
<backgroundColor>-16777216</backgroundColor>
<lineWidth>1</lineWidth>
<points>
<point x="1046" y="574"/>
<point x="1046" y="517"/>
</points>
</Connector>
</connectors>
</Diagram>