<?xml version = '1.0' encoding = 'UTF-8'?>
<Diagram class="oracle.dbtools.crest.swingui.logical.DPVLogical" name="Logical" id="E0942770-A7CE-741F-EEAD-B61E81FF85D6">
<createdBy>admin</createdBy>
<modifiedBy>admin</modifiedBy>
<createdTime>2019-04-30 14:00:20 UTC</createdTime>
<autoRoute>false</autoRoute>
<boxInbox>true</boxInbox>
<showLegend>true</showLegend>
<showLabels>true</showLabels>
<showRelAttributes>false</showRelAttributes>
<gridEnabled>false</gridEnabled>
<showGrid>false</showGrid>
<diagramColor>-1</diagramColor>
<legendPosX>1275</legendPosX>
<legendPosY>20</legendPosY>
<display>false</display>
<notation>2</notation>
<objectViews>
<OView class="oracle.dbtools.crest.swingui.logical.TVEntity" oid="02140EB7-CFE1-6D81-1A59-4B3A410DF840" otype="Entity" vid="3B371BEB-5FA7-76FA-E01E-48DEFC12FD5F">
<hideElementsInCurrentOnly>false</hideElementsInCurrentOnly>
<bounds x="510" y="406" width="170" height="114"/>
</OView>
<OView class="oracle.dbtools.crest.swingui.TVLegend" oid="20490DF2-1C6C-7E18-3497-910FA8468C0A" otype="Legend" vid="1ED54811-D12A-59EE-0E5D-DF956B2F5FD4">
<hideElementsInCurrentOnly>false</hideElementsInCurrentOnly>
<bounds x="1275" y="20" width="226" height="128"/>
</OView>
<OView class="oracle.dbtools.crest.swingui.logical.TVEntity" oid="3D7ACD5C-1FF4-D101-8416-0014F2C51203" otype="Entity" vid="305A3DAE-6DE8-AD37-7CB3-1F9AC183C76E">
<hideElementsInCurrentOnly>false</hideElementsInCurrentOnly>
<bounds x="958" y="221" width="170" height="115"/>
</OView>
<OView class="oracle.dbtools.crest.swingui.logical.TVEntity" oid="4F9C0948-864B-5533-AAF3-C27F4ADC6A01" otype="Entity" vid="35E0F227-DFC1-9BCE-C606-C3445B7DD4A8">
<hideElementsInCurrentOnly>false</hideElementsInCurrentOnly>
<bounds x="1197" y="223" width="170" height="113"/>
</OView>
<OView class="oracle.dbtools.crest.swingui.logical.TVEntity" oid="634236A0-1051-E9B4-E6A6-D266734D96BC" otype="Entity" vid="BBE973A8-4939-F6EC-9DC4-19B3E9BA71F9">
<hideElementsInCurrentOnly>false</hideElementsInCurrentOnly>
<bounds x="960" y="403" width="170" height="114"/>
</OView>
<OView class="oracle.dbtools.crest.swingui.logical.TVEntity" oid="70EFB508-275F-45FA-AC21-A5613F3F0488" otype="Entity" vid="3CEDF164-EBF9-4C8B-2309-97D1E8431054">
<hideElementsInCurrentOnly>false</hideElementsInCurrentOnly>
<bounds x="275" y="593" width="170" height="115"/>
</OView>
<OView class="oracle.dbtools.crest.swingui.logical.TVEntity" oid="79651D79-8415-7BBA-9AA0-334E2A9516DE" otype="Entity" vid="71481340-0EA7-C003-01D5-1CE0A2C16745">
<hideElementsInCurrentOnly>false</hideElementsInCurrentOnly>
<bounds x="13" y="27" width="170" height="111"/>
</OView>
<OView class="oracle.dbtools.crest.swingui.logical.TVEntity" oid="7ABC7223-5E0F-9619-B01C-B6099172370C" otype="Entity" vid="D1154C01-50CC-9EE7-07D4-8380E70EDE1D">
<hideElementsInCurrentOnly>false</hideElementsInCurrentOnly>
<bounds x="1427" y="222" width="170" height="115"/>
</OView>
<OView class="oracle.dbtools.crest.swingui.logical.TVEntity" oid="965B888F-50B2-CE4F-6A64-CC2B8095FC0E" otype="Entity" vid="4F9155F2-A282-94B5-7EE8-CF49A6BAE3A7">
<hideElementsInCurrentOnly>false</hideElementsInCurrentOnly>
<bounds x="728" y="404" width="170" height="123"/>
</OView>
<OView class="oracle.dbtools.crest.swingui.logical.TVEntity" oid="9A1578AB-1DFC-3BBF-CA4B-D628B92C222C" otype="Entity" vid="3977E99E-19DA-0BF6-C87B-F50BB666500A">
<hideElementsInCurrentOnly>false</hideElementsInCurrentOnly>
<bounds x="11" y="405" width="170" height="116"/>
</OView>
<OView class="oracle.dbtools.crest.swingui.logical.TVEntity" oid="C9758B28-34F9-DDB0-4A66-3A09B3AEA6FA" otype="Entity" vid="9C8AFB72-91CC-DA02-7CC8-A50F06E25384">
<hideElementsInCurrentOnly>false</hideElementsInCurrentOnly>
<bounds x="731" y="219" width="170" height="114"/>
</OView>
<OView class="oracle.dbtools.crest.swingui.logical.TVEntity" oid="CDF4E106-0351-C3CC-614A-671C98663D56" otype="Entity" vid="C8610590-A205-D11D-BA74-7FC7B0ABF3EA">
<hideElementsInCurrentOnly>false</hideElementsInCurrentOnly>
<bounds x="967" y="777" width="170" height="115"/>
</OView>
<OView class="oracle.dbtools.crest.swingui.logical.TVEntity" oid="D215B648-A373-8D0F-22D0-F57B5070ECEE" otype="Entity" vid="2922E3BF-DDE7-A703-47D6-201C660E3D74">
<hideElementsInCurrentOnly>false</hideElementsInCurrentOnly>
<bounds x="268" y="402" width="170" height="118"/>
</OView>
<OView class="oracle.dbtools.crest.swingui.logical.TVEntity" oid="D979F1A3-565F-398B-E222-D5326C5B49F5" otype="Entity" vid="0FDEA97D-38B5-2402-729A-DFCF00B13C32">
<hideElementsInCurrentOnly>false</hideElementsInCurrentOnly>
<bounds x="265" y="217" width="170" height="115"/>
</OView>
<OView class="oracle.dbtools.crest.swingui.logical.TVEntity" oid="DB42598A-303A-A67A-5533-375350087653" otype="Entity" vid="1D127F99-A4F7-E845-51CF-E7C157757B16">
<hideElementsInCurrentOnly>false</hideElementsInCurrentOnly>
<bounds x="540" y="818" width="170" height="117"/>
</OView>
<OView class="oracle.dbtools.crest.swingui.logical.TVEntity" oid="E51C8171-9A64-63DF-81A4-E5405E4601CC" otype="Entity" vid="6B6258E6-A24F-0429-4E50-B9E96614AD45">
<hideElementsInCurrentOnly>false</hideElementsInCurrentOnly>
<bounds x="273" y="818" width="170" height="118"/>
</OView>
<OView class="oracle.dbtools.crest.swingui.logical.TVEntity" oid="EA5A18C9-C665-BCC2-EEDD-A2557DC95598" otype="Entity" vid="B6C5EC03-E4AB-8BCE-C081-0D17B88E8E28">
<hideElementsInCurrentOnly>false</hideElementsInCurrentOnly>
<bounds x="957" y="25" width="170" height="112"/>
</OView>
<OView class="oracle.dbtools.crest.swingui.logical.TVEntity" oid="F00EC293-8037-F719-9EF3-0B193762E7A5" otype="Entity" vid="5B7E606C-DF9B-0BF1-464C-0B371473BA38">
<hideElementsInCurrentOnly>false</hideElementsInCurrentOnly>
<bounds x="511" y="216" width="170" height="113"/>
</OView>
<OView class="oracle.dbtools.crest.swingui.logical.TVEntity" oid="F1C4179D-29C8-B00E-5A73-05CD59C1022A" otype="Entity" vid="3BEED94C-5CB9-A593-4971-ED1EEE7B39E9">
<hideElementsInCurrentOnly>false</hideElementsInCurrentOnly>
<bounds x="510" y="26" width="170" height="112"/>
</OView>
<OView class="oracle.dbtools.crest.swingui.logical.TVEntity" oid="FFA5217C-028E-5668-132D-B679DE8BC802" otype="Entity" vid="03C9B9FF-8FE2-D624-DD00-20BFC33698ED">
<hideElementsInCurrentOnly>false</hideElementsInCurrentOnly>
<bounds x="962" y="574" width="170" height="114"/>
</OView>
</objectViews>
<connectors>
<Connector class="oracle.dbtools.crest.swingui.logical.TVRelation" oid="03E75367-255A-2489-517D-171A7F1C1E2D" otype="Relation" vid_source="03C9B9FF-8FE2-D624-DD00-20BFC33698ED" vid_target="BBE973A8-4939-F6EC-9DC4-19B3E9BA71F9">
<hideElementsInCurrentOnly>false</hideElementsInCurrentOnly>
<backgroundColor>-16777216</backgroundColor>
<lineWidth>1</lineWidth>
<sourceLabel class="oracle.dbtools.crest.model.design.Label">
<site>0</site>
<labelBounds x="1046" y="538" width="55" height="30"/>
<noBackgroundColor>true</noBackgroundColor>
<noForegroundColor>true</noForegroundColor>
</sourceLabel>
<points>
<point x="1046" y="574"/>
<point x="1046" y="517"/>
</points>
</Connector>
<Connector class="oracle.dbtools.crest.swingui.logical.TVRelation" oid="13FC0293-C127-0236-ACCD-3B34D7C2A532" otype="Relation" vid_source="1D127F99-A4F7-E845-51CF-E7C157757B16" vid_target="6B6258E6-A24F-0429-4E50-B9E96614AD45">
<hideElementsInCurrentOnly>false</hideElementsInCurrentOnly>
<backgroundColor>-16777216</backgroundColor>
<lineWidth>1</lineWidth>
<sourceLabel class="oracle.dbtools.crest.model.design.Label">
<site>0</site>
<labelBounds x="488" y="861" width="46" height="30"/>
<noBackgroundColor>true</noBackgroundColor>
<noForegroundColor>true</noForegroundColor>
</sourceLabel>
<points>
<point x="540" y="891"/>
<point x="443" y="891"/>
</points>
</Connector>
<Connector class="oracle.dbtools.crest.swingui.logical.TVRelation" oid="175F37BB-88B8-9004-9007-5FFEADEA2052" otype="Relation" vid_source="4F9155F2-A282-94B5-7EE8-CF49A6BAE3A7" vid_target="9C8AFB72-91CC-DA02-7CC8-A50F06E25384">
<hideElementsInCurrentOnly>false</hideElementsInCurrentOnly>
<backgroundColor>-16777216</backgroundColor>
<lineWidth>1</lineWidth>
<sourceLabel class="oracle.dbtools.crest.model.design.Label">
<site>0</site>
<labelBounds x="814" y="368" width="33" height="30"/>
<noBackgroundColor>true</noBackgroundColor>
<noForegroundColor>true</noForegroundColor>
</sourceLabel>
<points>
<point x="814" y="404"/>
<point x="814" y="333"/>
</points>
</Connector>
<Connector class="oracle.dbtools.crest.swingui.logical.TVRelation" oid="1D9C67C9-36BB-3871-8150-9B53E2EE47E7" otype="Relation" vid_source="2922E3BF-DDE7-A703-47D6-201C660E3D74" vid_target="3B371BEB-5FA7-76FA-E01E-48DEFC12FD5F">
<hideElementsInCurrentOnly>false</hideElementsInCurrentOnly>
<backgroundColor>-16777216</backgroundColor>
<lineWidth>1</lineWidth>
<targetLabel class="oracle.dbtools.crest.model.design.Label">
<site>2</site>
<labelBounds x="498" y="472" width="25" height="30"/>
<noBackgroundColor>true</noBackgroundColor>
<noForegroundColor>true</noForegroundColor>
</targetLabel>
<points>
<point x="438" y="463"/>
<point x="510" y="463"/>
</points>
</Connector>
<Connector class="oracle.dbtools.crest.swingui.logical.TVRelation" oid="208E3D1D-72F6-613A-ACAA-7C0FACC51A30" otype="Relation" vid_source="35E0F227-DFC1-9BCE-C606-C3445B7DD4A8" vid_target="D1154C01-50CC-9EE7-07D4-8380E70EDE1D">
<hideElementsInCurrentOnly>false</hideElementsInCurrentOnly>
<backgroundColor>-16777216</backgroundColor>
<lineWidth>1</lineWidth>
<sourceLabel class="oracle.dbtools.crest.model.design.Label">
<site>0</site>
<labelBounds x="1377" y="249" width="32" height="30"/>
<noBackgroundColor>true</noBackgroundColor>
<noForegroundColor>true</noForegroundColor>
</sourceLabel>
<points>
<point x="1367" y="279"/>
<point x="1427" y="279"/>
</points>
</Connector>
<Connector class="oracle.dbtools.crest.swingui.logical.TVRelation" oid="20F6C8F4-015B-57BB-A0F6-2F0E8D991AF9" otype="Relation" vid_source="305A3DAE-6DE8-AD37-7CB3-1F9AC183C76E" vid_target="35E0F227-DFC1-9BCE-C606-C3445B7DD4A8">
<hideElementsInCurrentOnly>false</hideElementsInCurrentOnly>
<backgroundColor>-16777216</backgroundColor>
<lineWidth>1</lineWidth>
<sourceLabel class="oracle.dbtools.crest.model.design.Label">
<site>0</site>
<labelBounds x="1138" y="249" width="32" height="30"/>
<noBackgroundColor>true</noBackgroundColor>
<noForegroundColor>true</noForegroundColor>
</sourceLabel>
<points>
<point x="1128" y="279"/>
<point x="1197" y="279"/>
</points>
</Connector>
<Connector class="oracle.dbtools.crest.swingui.logical.TVRelation" oid="32188092-2450-C4DF-E27A-C00A6EA11373" otype="Relation" vid_source="B6C5EC03-E4AB-8BCE-C081-0D17B88E8E28" vid_target="305A3DAE-6DE8-AD37-7CB3-1F9AC183C76E">
<hideElementsInCurrentOnly>false</hideElementsInCurrentOnly>
<backgroundColor>-16777216</backgroundColor>
<lineWidth>1</lineWidth>
<sourceLabel class="oracle.dbtools.crest.model.design.Label">
<site>0</site>
<labelBounds x="1042" y="173" width="61" height="30"/>
<noBackgroundColor>true</noBackgroundColor>
<noForegroundColor>true</noForegroundColor>
</sourceLabel>
<points>
<point x="1042" y="137"/>
<point x="1042" y="221"/>
</points>
</Connector>
<Connector class="oracle.dbtools.crest.swingui.logical.TVRelation" oid="467EFB17-5DCD-8BBB-5C31-D1EF494F526D" otype="Relation" vid_source="5B7E606C-DF9B-0BF1-464C-0B371473BA38" vid_target="0FDEA97D-38B5-2402-729A-DFCF00B13C32">
<hideElementsInCurrentOnly>false</hideElementsInCurrentOnly>
<backgroundColor>-16777216</backgroundColor>
<lineWidth>1</lineWidth>
<sourceLabel class="oracle.dbtools.crest.model.design.Label">
<site>0</site>
<labelBounds x="453" y="243" width="52" height="30"/>
<noBackgroundColor>true</noBackgroundColor>
<noForegroundColor>true</noForegroundColor>
</sourceLabel>
<points>
<point x="511" y="273"/>
<point x="435" y="273"/>
</points>
</Connector>
<Connector class="oracle.dbtools.crest.swingui.logical.TVRelation" oid="48DC4630-6CBB-8E69-23FB-A29CDF038741" otype="Relation" vid_source="2922E3BF-DDE7-A703-47D6-201C660E3D74" vid_target="0FDEA97D-38B5-2402-729A-DFCF00B13C32">
<hideElementsInCurrentOnly>false</hideElementsInCurrentOnly>
<backgroundColor>-16777216</backgroundColor>
<lineWidth>1</lineWidth>
<sourceLabel class="oracle.dbtools.crest.model.design.Label">
<site>0</site>
<labelBounds x="351" y="366" width="25" height="30"/>
<noBackgroundColor>true</noBackgroundColor>
<noForegroundColor>true</noForegroundColor>
</sourceLabel>
<points>
<point x="351" y="402"/>
<point x="351" y="332"/>
</points>
</Connector>
<Connector class="oracle.dbtools.crest.swingui.logical.TVRelation" oid="4FB7FAFA-D5A9-ECF2-E0D9-7A7B809EC53D" otype="Relation" vid_source="305A3DAE-6DE8-AD37-7CB3-1F9AC183C76E" vid_target="BBE973A8-4939-F6EC-9DC4-19B3E9BA71F9">
<hideElementsInCurrentOnly>false</hideElementsInCurrentOnly>
<backgroundColor>-16777216</backgroundColor>
<lineWidth>1</lineWidth>
<sourceLabel class="oracle.dbtools.crest.model.design.Label">
<site>0</site>
<labelBounds x="1044" y="381" width="74" height="23"/>
<noBackgroundColor>true</noBackgroundColor>
<noForegroundColor>true</noForegroundColor>
</sourceLabel>
<points>
<point x="1044" y="336"/>
<point x="1044" y="403"/>
</points>
</Connector>
<Connector class="oracle.dbtools.crest.swingui.logical.TVRelation" oid="5C895A1F-AAD3-6C17-AC82-CC3C2010A1C5" otype="Relation" vid_source="71481340-0EA7-C003-01D5-1CE0A2C16745" vid_target="3977E99E-19DA-0BF6-C87B-F50BB666500A">
<hideElementsInCurrentOnly>false</hideElementsInCurrentOnly>
<backgroundColor>-16777216</backgroundColor>
<lineWidth>1</lineWidth>
<targetLabel class="oracle.dbtools.crest.model.design.Label">
<site>2</site>
<labelBounds x="59" y="362" width="32" height="30"/>
<noBackgroundColor>true</noBackgroundColor>
<noForegroundColor>true</noForegroundColor>
</targetLabel>
<points>
<point x="97" y="138"/>
<point x="97" y="405"/>
</points>
</Connector>
<Connector class="oracle.dbtools.crest.swingui.logical.TVRelation" oid="63813B5F-44D6-F2B6-0E6E-2A8546BCB511" otype="Relation" vid_source="6B6258E6-A24F-0429-4E50-B9E96614AD45" vid_target="3CEDF164-EBF9-4C8B-2309-97D1E8431054">
<hideElementsInCurrentOnly>false</hideElementsInCurrentOnly>
<backgroundColor>-16777216</backgroundColor>
<lineWidth>1</lineWidth>
<targetLabel class="oracle.dbtools.crest.model.design.Label">
<site>2</site>
<labelBounds x="288" y="723" width="55" height="30"/>
<noBackgroundColor>true</noBackgroundColor>
<noForegroundColor>true</noForegroundColor>
</targetLabel>
<points>
<point x="359" y="818"/>
<point x="359" y="708"/>
</points>
</Connector>
<Connector class="oracle.dbtools.crest.swingui.logical.TVRelation" oid="6B4D5557-98C8-3044-6620-44A0A2BDA726" otype="Relation" vid_source="5B7E606C-DF9B-0BF1-464C-0B371473BA38" vid_target="3B371BEB-5FA7-76FA-E01E-48DEFC12FD5F">
<hideElementsInCurrentOnly>false</hideElementsInCurrentOnly>
<backgroundColor>-16777216</backgroundColor>
<lineWidth>1</lineWidth>
<sourceLabel class="oracle.dbtools.crest.model.design.Label">
<site>0</site>
<labelBounds x="595" y="389" width="54" height="30"/>
<noBackgroundColor>true</noBackgroundColor>
<noForegroundColor>true</noForegroundColor>
</sourceLabel>
<points>
<point x="595" y="329"/>
<point x="595" y="406"/>
</points>
</Connector>
<Connector class="oracle.dbtools.crest.swingui.logical.TVRelation" oid="7F789710-BC79-3F7B-CDAA-16EBD8097D07" otype="Relation" vid_source="71481340-0EA7-C003-01D5-1CE0A2C16745" vid_target="3BEED94C-5CB9-A593-4971-ED1EEE7B39E9">
<hideElementsInCurrentOnly>false</hideElementsInCurrentOnly>
<backgroundColor>-16777216</backgroundColor>
<lineWidth>1</lineWidth>
<sourceLabel class="oracle.dbtools.crest.model.design.Label">
<site>0</site>
<labelBounds x="193" y="52" width="71" height="30"/>
<noBackgroundColor>true</noBackgroundColor>
<noForegroundColor>true</noForegroundColor>
</sourceLabel>
<points>
<point x="183" y="82"/>
<point x="510" y="82"/>
</points>
</Connector>
<Connector class="oracle.dbtools.crest.swingui.logical.TVRelation" oid="878E944A-67F5-B357-E2EE-B00E416E0C2E" otype="Relation" vid_source="6B6258E6-A24F-0429-4E50-B9E96614AD45" vid_target="3977E99E-19DA-0BF6-C87B-F50BB666500A">
<hideElementsInCurrentOnly>false</hideElementsInCurrentOnly>
<backgroundColor>-16777216</backgroundColor>
<lineWidth>1</lineWidth>
<targetLabel class="oracle.dbtools.crest.model.design.Label">
<site>2</site>
<labelBounds x="54" y="529" width="70" height="30"/>
<noBackgroundColor>true</noBackgroundColor>
<noForegroundColor>true</noForegroundColor>
</targetLabel>
<points>
<point x="320" y="818"/>
<point x="132" y="521"/>
</points>
</Connector>
<Connector class="oracle.dbtools.crest.swingui.logical.TVRelation" oid="89EA4C97-314A-B208-F6EE-159FCB54340C" otype="Relation" vid_source="03C9B9FF-8FE2-D624-DD00-20BFC33698ED" vid_target="C8610590-A205-D11D-BA74-7FC7B0ABF3EA">
<hideElementsInCurrentOnly>false</hideElementsInCurrentOnly>
<backgroundColor>-16777216</backgroundColor>
<lineWidth>1</lineWidth>
<sourceLabel class="oracle.dbtools.crest.model.design.Label">
<site>0</site>
<labelBounds x="1049" y="732" width="32" height="30"/>
<noBackgroundColor>true</noBackgroundColor>
<noForegroundColor>true</noForegroundColor>
</sourceLabel>
<points>
<point x="1049" y="688"/>
<point x="1049" y="777"/>
</points>
</Connector>
<Connector class="oracle.dbtools.crest.swingui.logical.TVRelation" oid="8D941F8C-CB01-7888-4E96-A895CF3DF9F2" otype="Relation" vid_source="2922E3BF-DDE7-A703-47D6-201C660E3D74" vid_target="3977E99E-19DA-0BF6-C87B-F50BB666500A">
<hideElementsInCurrentOnly>false</hideElementsInCurrentOnly>
<backgroundColor>-16777216</backgroundColor>
<lineWidth>1</lineWidth>
<sourceLabel class="oracle.dbtools.crest.model.design.Label">
<site>0</site>
<labelBounds x="203" y="433" width="59" height="29"/>
<noBackgroundColor>true</noBackgroundColor>
<noForegroundColor>true</noForegroundColor>
</sourceLabel>
<points>
<point x="268" y="462"/>
<point x="181" y="462"/>
</points>
</Connector>
<Connector class="oracle.dbtools.crest.swingui.logical.TVRelation" oid="932BA90F-23DF-1035-EECE-20746073FDB7" otype="Relation" vid_source="2922E3BF-DDE7-A703-47D6-201C660E3D74" vid_target="3CEDF164-EBF9-4C8B-2309-97D1E8431054">
<hideElementsInCurrentOnly>false</hideElementsInCurrentOnly>
<backgroundColor>-16777216</backgroundColor>
<lineWidth>1</lineWidth>
<sourceLabel class="oracle.dbtools.crest.model.design.Label">
<site>0</site>
<labelBounds x="356" y="572" width="63" height="30"/>
<noBackgroundColor>true</noBackgroundColor>
<noForegroundColor>true</noForegroundColor>
</sourceLabel>
<points>
<point x="356" y="520"/>
<point x="356" y="593"/>
</points>
</Connector>
<Connector class="oracle.dbtools.crest.swingui.logical.TVRelation" oid="9719EF7F-F40E-6AC7-7BD1-7FF7D27586CB" otype="Relation" vid_source="3BEED94C-5CB9-A593-4971-ED1EEE7B39E9" vid_target="B6C5EC03-E4AB-8BCE-C081-0D17B88E8E28">
<hideElementsInCurrentOnly>false</hideElementsInCurrentOnly>
<backgroundColor>-16777216</backgroundColor>
<lineWidth>1</lineWidth>
<targetLabel class="oracle.dbtools.crest.model.design.Label">
<site>2</site>
<labelBounds x="909" y="91" width="46" height="30"/>
<noBackgroundColor>true</noBackgroundColor>
<noForegroundColor>true</noForegroundColor>
</targetLabel>
<points>
<point x="680" y="81"/>
<point x="957" y="81"/>
</points>
</Connector>
<Connector class="oracle.dbtools.crest.swingui.logical.TVRelation" oid="C6C7505D-D98A-13A9-C412-ED197F5AF84D" otype="Relation" vid_source="5B7E606C-DF9B-0BF1-464C-0B371473BA38" vid_target="3BEED94C-5CB9-A593-4971-ED1EEE7B39E9">
<hideElementsInCurrentOnly>false</hideElementsInCurrentOnly>
<backgroundColor>-16777216</backgroundColor>
<lineWidth>1</lineWidth>
<sourceLabel class="oracle.dbtools.crest.model.design.Label">
<site>0</site>
<labelBounds x="595" y="174" width="44" height="28"/>
<noBackgroundColor>true</noBackgroundColor>
<noForegroundColor>true</noForegroundColor>
</sourceLabel>
<points>
<point x="595" y="216"/>
<point x="595" y="138"/>
</points>
</Connector>
<Connector class="oracle.dbtools.crest.swingui.logical.TVRelation" oid="DCB7E135-7175-4A18-543D-94DD825D5ECE" otype="Relation" vid_source="5B7E606C-DF9B-0BF1-464C-0B371473BA38" vid_target="9C8AFB72-91CC-DA02-7CC8-A50F06E25384">
<hideElementsInCurrentOnly>false</hideElementsInCurrentOnly>
<backgroundColor>-16777216</backgroundColor>
<lineWidth>1</lineWidth>
<sourceLabel class="oracle.dbtools.crest.model.design.Label">
<site>0</site>
<labelBounds x="691" y="244" width="32" height="30"/>
<noBackgroundColor>true</noBackgroundColor>
<noForegroundColor>true</noForegroundColor>
</sourceLabel>
<points>
<point x="681" y="274"/>
<point x="731" y="274"/>
</points>
</Connector>
<Connector class="oracle.dbtools.crest.swingui.logical.TVRelation" oid="FCC5CD4C-EB42-A5D2-6F95-A66CDB017D90" otype="Relation" vid_source="3BEED94C-5CB9-A593-4971-ED1EEE7B39E9" vid_target="0FDEA97D-38B5-2402-729A-DFCF00B13C32">
<hideElementsInCurrentOnly>false</hideElementsInCurrentOnly>
<backgroundColor>-16777216</backgroundColor>
<lineWidth>1</lineWidth>
<sourceLabel class="oracle.dbtools.crest.model.design.Label">
<site>0</site>
<labelBounds x="523" y="174" width="46" height="30"/>
<noBackgroundColor>true</noBackgroundColor>
<noForegroundColor>true</noForegroundColor>
</sourceLabel>
<points>
<point x="523" y="138"/>
<point x="423" y="217"/>
</points>
</Connector>
</connectors>
</Diagram>