<?xml version = '1.0' encoding = 'UTF-8'?>
<Entity class="oracle.dbtools.crest.model.design.logical.Entity" directorySegmentName="seg_0" id="02140EB7-CFE1-6D81-1A59-4B3A410DF840" name="PERFORMANCE">
<createdBy>admin</createdBy>
<createdTime>2019-04-30 23:27:26 UTC</createdTime>
<ownerDesignName>FIT3171_Logical_Model</ownerDesignName>
<engineerTo>
<item key="832DF958-A63A-377D-04B6-9632BA9CC77C" value="true"/>
</engineerTo>
<adequatelyNormalized>NO</adequatelyNormalized>
<expectedVolumes>0</expectedVolumes>
<fwdEngineeringStrategyName>Single Table</fwdEngineeringStrategyName>
<growthPercent>0</growthPercent>
<growthType>Year</growthType>
<maxVolumes>9999999</maxVolumes>
<minVolumes>0</minVolumes>
<normalForm>Third</normalForm>
<attributes itemClass="oracle.dbtools.crest.model.design.logical.Attribute">
<Attribute name="Tour_guide_id" id="9A01321C-1A7A-B392-56D0-9745E3B3B10C">
<createdBy>admin</createdBy>
<createdTime>2019-04-30 23:37:33 UTC</createdTime>
<commentInRDBMS>unique id of tour guide</commentInRDBMS>
<generatorID>6B4D5557-98C8-3044-6620-44A0A2BDA726</generatorID>
<ownerDesignName>FIT3171_Logical_Model</ownerDesignName>
<engineerTo>
<item key="832DF958-A63A-377D-04B6-9632BA9CC77C" value="true"/>
</engineerTo>
<referedAttribute>D42E74BB-A25B-14A1-0CDF-10BDD19E8119</referedAttribute>
<useDomainConstraints>false</useDomainConstraints>
<use>1</use>
<logicalDatatype>LOGDT024</logicalDatatype>
<dataTypeSize>12 BYTE</dataTypeSize>
<ownDataTypeParameters>,,</ownDataTypeParameters>
</Attribute>
<Attribute name="Activity_code" id="F0F079AF-46BA-76E9-6B3C-BFF52D452AB5">
<createdBy>admin</createdBy>
<createdTime>2019-04-30 23:37:37 UTC</createdTime>
<commentInRDBMS>Activity code as primary key</commentInRDBMS>
<generatorID>1D9C67C9-36BB-3871-8150-9B53E2EE47E7</generatorID>
<ownerDesignName>FIT3171_Logical_Model</ownerDesignName>
<engineerTo>
<item key="832DF958-A63A-377D-04B6-9632BA9CC77C" value="true"/>
</engineerTo>
<referedAttribute>F666D8BA-1C3D-CBFE-C6C4-D202642833EC</referedAttribute>
<useDomainConstraints>false</useDomainConstraints>
<use>1</use>
<logicalDatatype>LOGDT024</logicalDatatype>
<dataTypeSize>12 BYTE</dataTypeSize>
<ownDataTypeParameters>,,</ownDataTypeParameters>
</Attribute>
<Attribute name="Perform_time" id="1F4194E1-1B0F-01BA-6867-E9F8BE98DAF9">
<createdBy>admin</createdBy>
<createdTime>2019-04-30 23:38:50 UTC</createdTime>
<commentInRDBMS>Time the tour guide finishes the activity</commentInRDBMS>
<ownerDesignName>FIT3171_Logical_Model</ownerDesignName>
<engineerTo>
<item key="832DF958-A63A-377D-04B6-9632BA9CC77C" value="true"/>
</engineerTo>
<useDomainConstraints>false</useDomainConstraints>
<use>1</use>
<logicalDatatype>LOGDT015</logicalDatatype>
<dataTypePrecision>0</dataTypePrecision>
<ownDataTypeParameters>,0,</ownDataTypeParameters>
</Attribute>
</attributes>
<identifiers itemClass="oracle.dbtools.crest.model.design.logical.CandidateKey">
<identifier id="2C587ECB-A03B-DEC0-347D-878023034569" name="PERFORMANCE PK">
<createdBy>admin</createdBy>
<createdTime>2019-05-01 00:22:51 UTC</createdTime>
<ownerDesignName>FIT3171_Logical_Model</ownerDesignName>
<engineerTo>
<item key="832DF958-A63A-377D-04B6-9632BA9CC77C" value="true"/>
</engineerTo>
<pk>true</pk>
<usedAttributes>
<attributeRef>9A01321C-1A7A-B392-56D0-9745E3B3B10C</attributeRef>
<attributeRef>9A01321C-1A7A-B392-56D0-9745E3B3B10C</attributeRef>
<attributeRef>1F4194E1-1B0F-01BA-6867-E9F8BE98DAF9</attributeRef>
</usedAttributes>
</identifier>
</identifiers>
</Entity>