<?xml version = '1.0' encoding = 'UTF-8'?>
<Entity class="oracle.dbtools.crest.model.design.logical.Entity" directorySegmentName="seg_0" id="3D7ACD5C-1FF4-D101-8416-0014F2C51203" name="HOUSESHARE">
<createdBy>admin</createdBy>
<createdTime>2019-04-30 21:13:29 UTC</createdTime>
<ownerDesignName>FIT3171_Logical_Model</ownerDesignName>
<engineerTo>
<item key="832DF958-A63A-377D-04B6-9632BA9CC77C" value="true"/>
</engineerTo>
<adequatelyNormalized>NO</adequatelyNormalized>
<expectedVolumes>0</expectedVolumes>
<fwdEngineeringStrategyName>Single Table</fwdEngineeringStrategyName>
<growthPercent>0</growthPercent>
<growthType>Year</growthType>
<maxVolumes>9999999</maxVolumes>
<minVolumes>0</minVolumes>
<normalForm>Third</normalForm>
<attributes itemClass="oracle.dbtools.crest.model.design.logical.Attribute">
<Attribute name="Houseshare_code" id="F8B012A1-7668-96A8-9874-BB52E4DF237D">
<createdBy>admin</createdBy>
<createdTime>2019-04-30 21:13:39 UTC</createdTime>
<commentInRDBMS>Unique code of houseshare</commentInRDBMS>
<ownerDesignName>FIT3171_Logical_Model</ownerDesignName>
<engineerTo>
<item key="832DF958-A63A-377D-04B6-9632BA9CC77C" value="true"/>
</engineerTo>
<useDomainConstraints>false</useDomainConstraints>
<use>1</use>
<logicalDatatype>LOGDT024</logicalDatatype>
<dataTypeSize>12 BYTE</dataTypeSize>
<ownDataTypeParameters>12 BYTE,,</ownDataTypeParameters>
</Attribute>
<Attribute name="Houseshare_name" id="A0DAFE17-6287-F4D6-9F2F-F7024EEFA9CB">
<createdBy>admin</createdBy>
<createdTime>2019-04-30 21:14:09 UTC</createdTime>
<comment>Houseshare name </comment>
<commentInRDBMS>Unique code of houseshare</commentInRDBMS>
<ownerDesignName>FIT3171_Logical_Model</ownerDesignName>
<engineerTo>
<item key="832DF958-A63A-377D-04B6-9632BA9CC77C" value="true"/>
</engineerTo>
<useDomainConstraints>false</useDomainConstraints>
<use>1</use>
<logicalDatatype>LOGDT024</logicalDatatype>
<dataTypeSize>50 BYTE</dataTypeSize>
<ownDataTypeParameters>50 BYTE,,</ownDataTypeParameters>
</Attribute>
<Attribute name="House_num_rooms" id="C4A71E74-8C69-B784-A052-7BC824F93B07">
<createdBy>admin</createdBy>
<createdTime>2019-04-30 21:14:37 UTC</createdTime>
<commentInRDBMS>Number of room inside the house</commentInRDBMS>
<ownerDesignName>FIT3171_Logical_Model</ownerDesignName>
<engineerTo>
<item key="832DF958-A63A-377D-04B6-9632BA9CC77C" value="true"/>
</engineerTo>
<constraintName>chk_House_number_rooms</constraintName>
<useDomainConstraints>false</useDomainConstraints>
<use>1</use>
<logicalDatatype>LOGDT011</logicalDatatype>
<checkConstraint>
<implementationDef dbType="Oracle Database 11g" definition="House_number_rooms &gt;= 1"/>
</checkConstraint>
<ownDataTypeParameters>,,</ownDataTypeParameters>
</Attribute>
<Attribute name="House_empty_room" id="BDA1F382-0B20-AA28-ABB8-8EEFBF6A5707">
<createdBy>admin</createdBy>
<createdTime>2019-04-30 21:15:18 UTC</createdTime>
<commentInRDBMS>Number of empty room inside the house, including 0</commentInRDBMS>
<ownerDesignName>FIT3171_Logical_Model</ownerDesignName>
<engineerTo>
<item key="832DF958-A63A-377D-04B6-9632BA9CC77C" value="true"/>
</engineerTo>
<constraintName>chk_House_empty_room</constraintName>
<useDomainConstraints>false</useDomainConstraints>
<use>1</use>
<logicalDatatype>LOGDT011</logicalDatatype>
<checkConstraint>
<implementationDef dbType="Oracle Database 11g" definition="House_empty_room &gt;= 0"/>
</checkConstraint>
<ownDataTypeParameters>,,</ownDataTypeParameters>
</Attribute>
</attributes>
<identifiers itemClass="oracle.dbtools.crest.model.design.logical.CandidateKey">
<identifier id="B98B6B08-2D0A-8AB9-6353-24FEFC37C235" name="Houseshare PK">
<createdBy>admin</createdBy>
<createdTime>2019-04-30 21:13:44 UTC</createdTime>
<ownerDesignName>FIT3171_Logical_Model</ownerDesignName>
<engineerTo>
<item key="832DF958-A63A-377D-04B6-9632BA9CC77C" value="true"/>
</engineerTo>
<pk>true</pk>
<usedAttributes>
<attributeRef>F8B012A1-7668-96A8-9874-BB52E4DF237D</attributeRef>
</usedAttributes>
</identifier>
</identifiers>
</Entity>