<?xml version = '1.0' encoding = 'UTF-8'?>
<Entity class="oracle.dbtools.crest.model.design.logical.Entity" directorySegmentName="seg_0" id="4F9C0948-864B-5533-AAF3-C27F4ADC6A01" name="ROOM">
<createdBy>admin</createdBy>
<createdTime>2019-04-30 21:26:30 UTC</createdTime>
<ownerDesignName>FIT3171_Logical_Model</ownerDesignName>
<engineerTo>
<item key="832DF958-A63A-377D-04B6-9632BA9CC77C" value="true"/>
</engineerTo>
<adequatelyNormalized>NO</adequatelyNormalized>
<expectedVolumes>0</expectedVolumes>
<fwdEngineeringStrategyName>Single Table</fwdEngineeringStrategyName>
<growthPercent>0</growthPercent>
<growthType>Year</growthType>
<maxVolumes>9999999</maxVolumes>
<minVolumes>0</minVolumes>
<normalForm>Third</normalForm>
<attributes itemClass="oracle.dbtools.crest.model.design.logical.Attribute">
<Attribute name="Room_number" id="08CABEF6-C49F-79BA-0E05-DC70DD63596C">
<createdBy>admin</createdBy>
<createdTime>2019-04-30 21:26:36 UTC</createdTime>
<commentInRDBMS>Room number as primary key</commentInRDBMS>
<ownerDesignName>FIT3171_Logical_Model</ownerDesignName>
<engineerTo>
<item key="832DF958-A63A-377D-04B6-9632BA9CC77C" value="true"/>
</engineerTo>
<constraintName>chk_Room_number</constraintName>
<useDomainConstraints>false</useDomainConstraints>
<use>1</use>
<logicalDatatype>LOGDT011</logicalDatatype>
<checkConstraint>
<implementationDef dbType="Oracle Database 11g" definition="Room_number &gt;= 0"/>
</checkConstraint>
<ownDataTypeParameters>,,</ownDataTypeParameters>
</Attribute>
<Attribute name="Room_type" id="37BC8BC0-8AE2-7385-D037-FA11E1CB5B53">
<createdBy>admin</createdBy>
<createdTime>2019-04-30 21:27:06 UTC</createdTime>
<commentInRDBMS>Room type: O for open-plan, F for fixed</commentInRDBMS>
<ownerDesignName>FIT3171_Logical_Model</ownerDesignName>
<engineerTo>
<item key="832DF958-A63A-377D-04B6-9632BA9CC77C" value="true"/>
</engineerTo>
<useDomainConstraints>false</useDomainConstraints>
<use>1</use>
<logicalDatatype>LOGDT025</logicalDatatype>
<dataTypeSize>1 CHAR</dataTypeSize>
<ownDataTypeParameters>1 CHAR,,</ownDataTypeParameters>
</Attribute>
<Attribute name="Houseshare_code" id="FD1DAB29-87A9-ADAC-3326-8F2C8E9849EA">
<createdBy>admin</createdBy>
<createdTime>2019-04-30 21:43:22 UTC</createdTime>
<commentInRDBMS>Unique code of houseshare</commentInRDBMS>
<generatorID>20F6C8F4-015B-57BB-A0F6-2F0E8D991AF9</generatorID>
<ownerDesignName>FIT3171_Logical_Model</ownerDesignName>
<engineerTo>
<item key="832DF958-A63A-377D-04B6-9632BA9CC77C" value="true"/>
</engineerTo>
<referedAttribute>F8B012A1-7668-96A8-9874-BB52E4DF237D</referedAttribute>
<useDomainConstraints>false</useDomainConstraints>
<use>1</use>
<logicalDatatype>LOGDT024</logicalDatatype>
<dataTypeSize>12 BYTE</dataTypeSize>
<ownDataTypeParameters>,,</ownDataTypeParameters>
</Attribute>
</attributes>
<identifiers itemClass="oracle.dbtools.crest.model.design.logical.CandidateKey">
<identifier id="DD84EEDC-52C7-3171-8B96-7AA67E508F3A" name="ROOM PK">
<createdBy>admin</createdBy>
<createdTime>2019-04-30 21:26:54 UTC</createdTime>
<ownerDesignName>FIT3171_Logical_Model</ownerDesignName>
<engineerTo>
<item key="832DF958-A63A-377D-04B6-9632BA9CC77C" value="true"/>
</engineerTo>
<pk>true</pk>
<usedAttributes>
<attributeRef>08CABEF6-C49F-79BA-0E05-DC70DD63596C</attributeRef>
<attributeRef>FD1DAB29-87A9-ADAC-3326-8F2C8E9849EA</attributeRef>
</usedAttributes>
</identifier>
</identifiers>
</Entity>