<?xml version = '1.0' encoding = 'UTF-8'?>
<Entity class="oracle.dbtools.crest.model.design.logical.Entity" directorySegmentName="seg_0" id="634236A0-1051-E9B4-E6A6-D266734D96BC" name="HOUSEKEEPER_ASSIGNMENT">
<createdBy>admin</createdBy>
<createdTime>2019-04-30 22:01:05 UTC</createdTime>
<ownerDesignName>FIT3171_Logical_Model</ownerDesignName>
<engineerTo>
<item key="832DF958-A63A-377D-04B6-9632BA9CC77C" value="true"/>
</engineerTo>
<adequatelyNormalized>NO</adequatelyNormalized>
<expectedVolumes>0</expectedVolumes>
<fwdEngineeringStrategyName>Single Table</fwdEngineeringStrategyName>
<growthPercent>0</growthPercent>
<growthType>Year</growthType>
<maxVolumes>9999999</maxVolumes>
<minVolumes>0</minVolumes>
<normalForm>Third</normalForm>
<attributes itemClass="oracle.dbtools.crest.model.design.logical.Attribute">
<Attribute name="Assign_date" id="0567F2AF-9DE5-15E3-8763-D6BB6BD54A8D">
<createdBy>admin</createdBy>
<createdTime>2019-04-30 22:01:26 UTC</createdTime>
<commentInRDBMS>Assign date of the house keeper</commentInRDBMS>
<ownerDesignName>FIT3171_Logical_Model</ownerDesignName>
<engineerTo>
<item key="832DF958-A63A-377D-04B6-9632BA9CC77C" value="true"/>
</engineerTo>
<useDomainConstraints>false</useDomainConstraints>
<use>1</use>
<logicalDatatype>LOGDT007</logicalDatatype>
<ownDataTypeParameters>,,</ownDataTypeParameters>
</Attribute>
<Attribute name="Assign_fdate" id="B90263F1-7936-A9C8-AB16-FA27BDBF1EDE">
<createdBy>admin</createdBy>
<createdTime>2019-04-30 22:02:08 UTC</createdTime>
<commentInRDBMS>Finish date of the housekeeper</commentInRDBMS>
<ownerDesignName>FIT3171_Logical_Model</ownerDesignName>
<engineerTo>
<item key="832DF958-A63A-377D-04B6-9632BA9CC77C" value="true"/>
</engineerTo>
<nullsAllowed>true</nullsAllowed>
<useDomainConstraints>false</useDomainConstraints>
<use>1</use>
<logicalDatatype>LOGDT007</logicalDatatype>
<ownDataTypeParameters>,,</ownDataTypeParameters>
</Attribute>
<Attribute name="Houseshare_code" id="DD20D015-93BC-7460-2233-F770269CF306">
<createdBy>admin</createdBy>
<createdTime>2019-04-30 22:04:16 UTC</createdTime>
<commentInRDBMS>Unique code of houseshare</commentInRDBMS>
<generatorID>4FB7FAFA-D5A9-ECF2-E0D9-7A7B809EC53D</generatorID>
<ownerDesignName>FIT3171_Logical_Model</ownerDesignName>
<engineerTo>
<item key="832DF958-A63A-377D-04B6-9632BA9CC77C" value="true"/>
</engineerTo>
<referedAttribute>F8B012A1-7668-96A8-9874-BB52E4DF237D</referedAttribute>
<useDomainConstraints>false</useDomainConstraints>
<use>1</use>
<logicalDatatype>LOGDT024</logicalDatatype>
<dataTypeSize>12 BYTE</dataTypeSize>
<ownDataTypeParameters>,,</ownDataTypeParameters>
</Attribute>
<Attribute name="Keeper_id" id="688833C2-9DE6-BE09-CB4C-9401B683CD64">
<createdBy>admin</createdBy>
<createdTime>2019-04-30 22:05:47 UTC</createdTime>
<commentInRDBMS>Unique id of the house keepeer</commentInRDBMS>
<generatorID>03E75367-255A-2489-517D-171A7F1C1E2D</generatorID>
<ownerDesignName>FIT3171_Logical_Model</ownerDesignName>
<engineerTo>
<item key="832DF958-A63A-377D-04B6-9632BA9CC77C" value="true"/>
</engineerTo>
<referedAttribute>CA5249AE-F781-F47E-B37A-740ED377C2AB</referedAttribute>
<useDomainConstraints>false</useDomainConstraints>
<use>1</use>
<logicalDatatype>LOGDT024</logicalDatatype>
<dataTypeSize>12 BYTE</dataTypeSize>
<ownDataTypeParameters>,,</ownDataTypeParameters>
</Attribute>
</attributes>
<identifiers itemClass="oracle.dbtools.crest.model.design.logical.CandidateKey">
<identifier id="042FF181-CBF7-9523-A37C-5E935D05F0E1" name="HOUSEKEEPER_ASSIGNMENT PK">
<createdBy>admin</createdBy>
<createdTime>2019-04-30 22:01:42 UTC</createdTime>
<ownerDesignName>FIT3171_Logical_Model</ownerDesignName>
<engineerTo>
<item key="832DF958-A63A-377D-04B6-9632BA9CC77C" value="true"/>
</engineerTo>
<pk>true</pk>
<usedAttributes>
<attributeRef>0567F2AF-9DE5-15E3-8763-D6BB6BD54A8D</attributeRef>
<attributeRef>688833C2-9DE6-BE09-CB4C-9401B683CD64</attributeRef>
</usedAttributes>
</identifier>
</identifiers>
</Entity>