<?xml version = '1.0' encoding = 'UTF-8'?>
<Entity class="oracle.dbtools.crest.model.design.logical.Entity" directorySegmentName="seg_0" id="70EFB508-275F-45FA-AC21-A5613F3F0488" name="ACTIVITY_SPECIAL">
<createdBy>admin</createdBy>
<createdTime>2019-04-30 22:33:18 UTC</createdTime>
<ownerDesignName>FIT3171_Logical_Model</ownerDesignName>
<engineerTo>
<item key="832DF958-A63A-377D-04B6-9632BA9CC77C" value="true"/>
</engineerTo>
<adequatelyNormalized>NO</adequatelyNormalized>
<expectedVolumes>0</expectedVolumes>
<fwdEngineeringStrategyName>Single Table</fwdEngineeringStrategyName>
<growthPercent>0</growthPercent>
<growthType>Year</growthType>
<maxVolumes>9999999</maxVolumes>
<minVolumes>0</minVolumes>
<normalForm>Third</normalForm>
<attributes itemClass="oracle.dbtools.crest.model.design.logical.Attribute">
<Attribute name="Item_quantity" id="6646B7A1-08C2-8E56-764F-1E414AFE1F3A">
<createdBy>admin</createdBy>
<createdTime>2019-04-30 22:35:06 UTC</createdTime>
<commentInRDBMS>Quantity of item needed for the activity</commentInRDBMS>
<ownerDesignName>FIT3171_Logical_Model</ownerDesignName>
<engineerTo>
<item key="832DF958-A63A-377D-04B6-9632BA9CC77C" value="true"/>
</engineerTo>
<nullsAllowed>true</nullsAllowed>
<useDomainConstraints>false</useDomainConstraints>
<use>1</use>
<logicalDatatype>LOGDT011</logicalDatatype>
<ownDataTypeParameters>,,</ownDataTypeParameters>
</Attribute>
<Attribute name="Activity_code" id="C385CBF0-885A-48B0-DDA7-523E3DC66317">
<createdBy>admin</createdBy>
<createdTime>2019-04-30 22:46:24 UTC</createdTime>
<commentInRDBMS>Activity code as primary key</commentInRDBMS>
<generatorID>932BA90F-23DF-1035-EECE-20746073FDB7</generatorID>
<ownerDesignName>FIT3171_Logical_Model</ownerDesignName>
<engineerTo>
<item key="832DF958-A63A-377D-04B6-9632BA9CC77C" value="true"/>
</engineerTo>
<referedAttribute>F666D8BA-1C3D-CBFE-C6C4-D202642833EC</referedAttribute>
<useDomainConstraints>false</useDomainConstraints>
<use>1</use>
<logicalDatatype>LOGDT024</logicalDatatype>
<dataTypeSize>12 BYTE</dataTypeSize>
<ownDataTypeParameters>,,</ownDataTypeParameters>
</Attribute>
<Attribute name="Item_code" id="8F137980-05E3-68A0-8B9A-8BEEA9844AF3">
<createdBy>admin</createdBy>
<createdTime>2019-04-30 22:47:21 UTC</createdTime>
<commentInRDBMS>Unique item code as primary key</commentInRDBMS>
<generatorID>63813B5F-44D6-F2B6-0E6E-2A8546BCB511</generatorID>
<ownerDesignName>FIT3171_Logical_Model</ownerDesignName>
<engineerTo>
<item key="832DF958-A63A-377D-04B6-9632BA9CC77C" value="true"/>
</engineerTo>
<referedAttribute>233FFADA-399F-F443-F7AD-574C2CE2BEF6</referedAttribute>
<useDomainConstraints>false</useDomainConstraints>
<use>1</use>
<logicalDatatype>LOGDT024</logicalDatatype>
<dataTypeSize>12 BYTE</dataTypeSize>
<ownDataTypeParameters>,,</ownDataTypeParameters>
</Attribute>
</attributes>
<identifiers itemClass="oracle.dbtools.crest.model.design.logical.CandidateKey">
<identifier id="740A8B0E-2B9B-8ED1-4619-434D09440199" name="ACTIVITY_SPECIAL PK">
<createdBy>admin</createdBy>
<createdTime>2019-04-30 22:49:02 UTC</createdTime>
<ownerDesignName>FIT3171_Logical_Model</ownerDesignName>
<engineerTo>
<item key="832DF958-A63A-377D-04B6-9632BA9CC77C" value="true"/>
</engineerTo>
<pk>true</pk>
<usedAttributes>
<attributeRef>8F137980-05E3-68A0-8B9A-8BEEA9844AF3</attributeRef>
<attributeRef>C385CBF0-885A-48B0-DDA7-523E3DC66317</attributeRef>
<attributeRef>C385CBF0-885A-48B0-DDA7-523E3DC66317</attributeRef>
<attributeRef>8F137980-05E3-68A0-8B9A-8BEEA9844AF3</attributeRef>
</usedAttributes>
</identifier>
</identifiers>
</Entity>