<?xml version = '1.0' encoding = 'UTF-8'?>
<Entity class="oracle.dbtools.crest.model.design.logical.Entity" directorySegmentName="seg_0" id="79651D79-8415-7BBA-9AA0-334E2A9516DE" name="CUSTOMER">
<createdBy>admin</createdBy>
<createdTime>2019-04-30 19:58:23 UTC</createdTime>
<ownerDesignName>FIT3171_Logical_Model</ownerDesignName>
<engineerTo>
<item key="832DF958-A63A-377D-04B6-9632BA9CC77C" value="true"/>
</engineerTo>
<adequatelyNormalized>NO</adequatelyNormalized>
<expectedVolumes>0</expectedVolumes>
<fwdEngineeringStrategyName>Single Table</fwdEngineeringStrategyName>
<growthPercent>0</growthPercent>
<growthType>Year</growthType>
<maxVolumes>9999999</maxVolumes>
<minVolumes>0</minVolumes>
<normalForm>Third</normalForm>
<attributes itemClass="oracle.dbtools.crest.model.design.logical.Attribute">
<Attribute name="Customer_id" id="C03F82FF-8654-2FC1-6257-964E69C18701">
<createdBy>admin</createdBy>
<createdTime>2019-04-30 19:58:37 UTC</createdTime>
<commentInRDBMS>Customer unique id, as the primary key</commentInRDBMS>
<ownerDesignName>FIT3171_Logical_Model</ownerDesignName>
<engineerTo>
<item key="832DF958-A63A-377D-04B6-9632BA9CC77C" value="true"/>
</engineerTo>
<useDomainConstraints>false</useDomainConstraints>
<use>1</use>
<logicalDatatype>LOGDT024</logicalDatatype>
<dataTypeSize>6 CHAR</dataTypeSize>
<ownDataTypeParameters>6 CHAR,,</ownDataTypeParameters>
</Attribute>
<Attribute name="Customer_passport" id="C61244A1-D5B7-0FED-99A3-2DEF826334A5">
<createdBy>admin</createdBy>
<createdTime>2019-04-30 19:59:10 UTC</createdTime>
<commentInRDBMS>Customer unique identification. Since airtnt is a global organization, the identification should be passport number</commentInRDBMS>
<ownerDesignName>FIT3171_Logical_Model</ownerDesignName>
<engineerTo>
<item key="832DF958-A63A-377D-04B6-9632BA9CC77C" value="true"/>
</engineerTo>
<useDomainConstraints>false</useDomainConstraints>
<use>1</use>
<logicalDatatype>LOGDT024</logicalDatatype>
<dataTypeSize>30 BYTE</dataTypeSize>
<ownDataTypeParameters>30 BYTE,,</ownDataTypeParameters>
</Attribute>
<Attribute name="Customer_address" id="C1720CDF-C58C-6862-6378-12B572B03524">
<createdBy>admin</createdBy>
<createdTime>2019-04-30 20:01:25 UTC</createdTime>
<commentInRDBMS>Address of customer</commentInRDBMS>
<ownerDesignName>FIT3171_Logical_Model</ownerDesignName>
<engineerTo>
<item key="832DF958-A63A-377D-04B6-9632BA9CC77C" value="true"/>
</engineerTo>
<useDomainConstraints>false</useDomainConstraints>
<use>1</use>
<logicalDatatype>LOGDT024</logicalDatatype>
<dataTypeSize>40 BYTE</dataTypeSize>
<ownDataTypeParameters>40 BYTE,,</ownDataTypeParameters>
</Attribute>
<Attribute name="Customer_phone" id="3675ACBD-D432-4E0D-AB75-687BF1A6B134">
<createdBy>admin</createdBy>
<createdTime>2019-04-30 20:06:41 UTC</createdTime>
<commentInRDBMS>Customer phone number, no character involves</commentInRDBMS>
<ownerDesignName>FIT3171_Logical_Model</ownerDesignName>
<engineerTo>
<item key="832DF958-A63A-377D-04B6-9632BA9CC77C" value="true"/>
</engineerTo>
<nullsAllowed>true</nullsAllowed>
<useDomainConstraints>false</useDomainConstraints>
<use>1</use>
<logicalDatatype>LOGDT019</logicalDatatype>
<dataTypePrecision>11</dataTypePrecision>
<ownDataTypeParameters>,11,</ownDataTypeParameters>
</Attribute>
<Attribute name="Customer_DOB" id="8B00A67B-2B9C-80C3-7123-E5F958B1FBB9">
<createdBy>admin</createdBy>
<createdTime>2019-04-30 20:11:40 UTC</createdTime>
<commentInRDBMS>Customer date of birth</commentInRDBMS>
<ownerDesignName>FIT3171_Logical_Model</ownerDesignName>
<engineerTo>
<item key="832DF958-A63A-377D-04B6-9632BA9CC77C" value="true"/>
</engineerTo>
<useDomainConstraints>false</useDomainConstraints>
<use>1</use>
<logicalDatatype>LOGDT007</logicalDatatype>
<ownDataTypeParameters>,,</ownDataTypeParameters>
</Attribute>
<Attribute name="Customer_bank_account" id="186F8F9D-5E07-C8E5-F20C-C5A7A36333DC">
<createdBy>admin</createdBy>
<createdTime>2019-04-30 20:12:09 UTC</createdTime>
<commentInRDBMS>Customer bank account as unique payment identification</commentInRDBMS>
<ownerDesignName>FIT3171_Logical_Model</ownerDesignName>
<engineerTo>
<item key="832DF958-A63A-377D-04B6-9632BA9CC77C" value="true"/>
</engineerTo>
<useDomainConstraints>false</useDomainConstraints>
<use>1</use>
<logicalDatatype>LOGDT024</logicalDatatype>
<dataTypeSize>25 BYTE</dataTypeSize>
<ownDataTypeParameters>25 BYTE,,</ownDataTypeParameters>
</Attribute>
<Attribute name="Customer_Fname" id="F2E1B49C-C25D-6EA1-689A-155FDC3E28CD">
<createdBy>admin</createdBy>
<createdTime>2019-04-30 20:16:41 UTC</createdTime>
<commentInRDBMS>Customer first name</commentInRDBMS>
<ownerDesignName>FIT3171_Logical_Model</ownerDesignName>
<engineerTo>
<item key="832DF958-A63A-377D-04B6-9632BA9CC77C" value="true"/>
</engineerTo>
<useDomainConstraints>false</useDomainConstraints>
<use>1</use>
<logicalDatatype>LOGDT024</logicalDatatype>
<dataTypeSize>30 BYTE</dataTypeSize>
<ownDataTypeParameters>30 BYTE,,</ownDataTypeParameters>
</Attribute>
<Attribute name="Customer_Lname" id="D8718AAB-0999-27B2-AD79-B320CE8FAC65">
<createdBy>admin</createdBy>
<createdTime>2019-04-30 20:17:00 UTC</createdTime>
<commentInRDBMS>Customer last name</commentInRDBMS>
<ownerDesignName>FIT3171_Logical_Model</ownerDesignName>
<engineerTo>
<item key="832DF958-A63A-377D-04B6-9632BA9CC77C" value="true"/>
</engineerTo>
<useDomainConstraints>false</useDomainConstraints>
<use>1</use>
<logicalDatatype>LOGDT024</logicalDatatype>
<dataTypeSize>30 BYTE</dataTypeSize>
<ownDataTypeParameters>30 BYTE,,</ownDataTypeParameters>
</Attribute>
<Attribute name="Customer_contact" id="02920AE4-01A2-763B-35E3-312C0F42DB72">
<createdBy>admin</createdBy>
<createdTime>2019-04-30 20:17:18 UTC</createdTime>
<comment>Customer emergency contact</comment>
<ownerDesignName>FIT3171_Logical_Model</ownerDesignName>
<engineerTo>
<item key="832DF958-A63A-377D-04B6-9632BA9CC77C" value="true"/>
</engineerTo>
<nullsAllowed>true</nullsAllowed>
<useDomainConstraints>false</useDomainConstraints>
<use>1</use>
<logicalDatatype>LOGDT019</logicalDatatype>
<dataTypePrecision>11</dataTypePrecision>
<ownDataTypeParameters>,11,</ownDataTypeParameters>
</Attribute>
</attributes>
<identifiers itemClass="oracle.dbtools.crest.model.design.logical.CandidateKey">
<identifier id="D2D2180B-631C-A96B-996C-943646308F65" name="Customer PK">
<createdBy>admin</createdBy>
<createdTime>2019-04-30 19:58:51 UTC</createdTime>
<ownerDesignName>FIT3171_Logical_Model</ownerDesignName>
<engineerTo>
<item key="832DF958-A63A-377D-04B6-9632BA9CC77C" value="true"/>
</engineerTo>
<pk>true</pk>
<usedAttributes>
<attributeRef>C03F82FF-8654-2FC1-6257-964E69C18701</attributeRef>
</usedAttributes>
</identifier>
</identifiers>
</Entity>