<?xml version = '1.0' encoding = 'UTF-8'?>
<Entity class="oracle.dbtools.crest.model.design.logical.Entity" directorySegmentName="seg_0" id="7ABC7223-5E0F-9619-B01C-B6099172370C" name="ROOM_PHONE_NUMBER">
<createdBy>admin</createdBy>
<createdTime>2019-04-30 21:55:46 UTC</createdTime>
<ownerDesignName>FIT3171_Logical_Model</ownerDesignName>
<engineerTo>
<item key="832DF958-A63A-377D-04B6-9632BA9CC77C" value="true"/>
</engineerTo>
<adequatelyNormalized>NO</adequatelyNormalized>
<expectedVolumes>0</expectedVolumes>
<fwdEngineeringStrategyName>Single Table</fwdEngineeringStrategyName>
<growthPercent>0</growthPercent>
<growthType>Year</growthType>
<maxVolumes>9999999</maxVolumes>
<minVolumes>0</minVolumes>
<normalForm>Third</normalForm>
<attributes itemClass="oracle.dbtools.crest.model.design.logical.Attribute">
<Attribute name="Room_phone" id="9C5E65F2-A3D2-5BB9-25AF-9C176548EF9E">
<createdBy>admin</createdBy>
<createdTime>2019-04-30 21:56:02 UTC</createdTime>
<commentInRDBMS>Rooms phone number</commentInRDBMS>
<ownerDesignName>FIT3171_Logical_Model</ownerDesignName>
<engineerTo>
<item key="832DF958-A63A-377D-04B6-9632BA9CC77C" value="true"/>
</engineerTo>
<nullsAllowed>true</nullsAllowed>
<useDomainConstraints>false</useDomainConstraints>
<use>1</use>
<logicalDatatype>LOGDT019</logicalDatatype>
<dataTypePrecision>11</dataTypePrecision>
<ownDataTypeParameters>,11,</ownDataTypeParameters>
</Attribute>
<Attribute name="Room_number" id="1B7F0B97-ECD8-9817-BE16-22B5871EEE7B">
<createdBy>admin</createdBy>
<createdTime>2019-04-30 21:59:38 UTC</createdTime>
<commentInRDBMS>Room number as primary key</commentInRDBMS>
<generatorID>208E3D1D-72F6-613A-ACAA-7C0FACC51A30</generatorID>
<ownerDesignName>FIT3171_Logical_Model</ownerDesignName>
<engineerTo>
<item key="832DF958-A63A-377D-04B6-9632BA9CC77C" value="true"/>
</engineerTo>
<referedAttribute>08CABEF6-C49F-79BA-0E05-DC70DD63596C</referedAttribute>
<useDomainConstraints>false</useDomainConstraints>
<use>1</use>
<logicalDatatype>LOGDT011</logicalDatatype>
<ownDataTypeParameters>,,</ownDataTypeParameters>
</Attribute>
<Attribute name="Houseshare_code" id="E2E4ECB3-2DE7-45F6-2D93-2C69FB2DF767">
<createdBy>admin</createdBy>
<createdTime>2019-04-30 21:59:38 UTC</createdTime>
<commentInRDBMS>Unique code of houseshare</commentInRDBMS>
<generatorID>208E3D1D-72F6-613A-ACAA-7C0FACC51A30</generatorID>
<ownerDesignName>FIT3171_Logical_Model</ownerDesignName>
<engineerTo>
<item key="832DF958-A63A-377D-04B6-9632BA9CC77C" value="true"/>
</engineerTo>
<referedAttribute>FD1DAB29-87A9-ADAC-3326-8F2C8E9849EA</referedAttribute>
<useDomainConstraints>false</useDomainConstraints>
<use>1</use>
<logicalDatatype>LOGDT024</logicalDatatype>
<dataTypeSize>12 BYTE</dataTypeSize>
<ownDataTypeParameters>,,</ownDataTypeParameters>
</Attribute>
</attributes>
<identifiers itemClass="oracle.dbtools.crest.model.design.logical.CandidateKey">
<identifier id="FBB4916F-E8F5-CB46-8377-736008ACC208" name="ROOM_PHONE_NUMBER PK">
<createdBy>admin</createdBy>
<createdTime>2019-04-30 22:00:09 UTC</createdTime>
<ownerDesignName>FIT3171_Logical_Model</ownerDesignName>
<engineerTo>
<item key="832DF958-A63A-377D-04B6-9632BA9CC77C" value="true"/>
</engineerTo>
<pk>true</pk>
<usedAttributes>
<attributeRef>1B7F0B97-ECD8-9817-BE16-22B5871EEE7B</attributeRef>
<attributeRef>E2E4ECB3-2DE7-45F6-2D93-2C69FB2DF767</attributeRef>
<attributeRef>1B7F0B97-ECD8-9817-BE16-22B5871EEE7B</attributeRef>
<attributeRef>E2E4ECB3-2DE7-45F6-2D93-2C69FB2DF767</attributeRef>
</usedAttributes>
</identifier>
</identifiers>
</Entity>