<?xml version = '1.0' encoding = 'UTF-8'?>
<Entity class="oracle.dbtools.crest.model.design.logical.Entity" directorySegmentName="seg_0" id="965B888F-50B2-CE4F-6A64-CC2B8095FC0E" name="SPECIALISATION">
<createdBy>admin</createdBy>
<createdTime>2019-04-30 21:04:22 UTC</createdTime>
<ownerDesignName>FIT3171_Logical_Model</ownerDesignName>
<engineerTo>
<item key="832DF958-A63A-377D-04B6-9632BA9CC77C" value="true"/>
</engineerTo>
<adequatelyNormalized>NO</adequatelyNormalized>
<expectedVolumes>0</expectedVolumes>
<fwdEngineeringStrategyName>Single Table</fwdEngineeringStrategyName>
<growthPercent>0</growthPercent>
<growthType>Year</growthType>
<maxVolumes>9999999</maxVolumes>
<minVolumes>0</minVolumes>
<normalForm>Third</normalForm>
<attributes itemClass="oracle.dbtools.crest.model.design.logical.Attribute">
<Attribute name="Special_code" id="EB4A2422-DE45-D82E-2B2C-A9B2869B3B29">
<createdBy>admin</createdBy>
<createdTime>2019-04-30 21:04:35 UTC</createdTime>
<commentInRDBMS>Special code for each specialisation. For example, Special_code for foodie tour is FT</commentInRDBMS>
<ownerDesignName>FIT3171_Logical_Model</ownerDesignName>
<engineerTo>
<item key="832DF958-A63A-377D-04B6-9632BA9CC77C" value="true"/>
</engineerTo>
<useDomainConstraints>false</useDomainConstraints>
<use>1</use>
<logicalDatatype>LOGDT024</logicalDatatype>
<dataTypeSize>12 BYTE</dataTypeSize>
<ownDataTypeParameters>12 BYTE,,</ownDataTypeParameters>
</Attribute>
<Attribute name="Specialisation" id="015E3467-DEC5-7B0F-2F0B-25C4B7B972DD">
<createdBy>admin</createdBy>
<createdTime>2019-04-30 21:06:46 UTC</createdTime>
<commentInRDBMS>Short description of specialisation</commentInRDBMS>
<ownerDesignName>FIT3171_Logical_Model</ownerDesignName>
<engineerTo>
<item key="832DF958-A63A-377D-04B6-9632BA9CC77C" value="true"/>
</engineerTo>
<nullsAllowed>true</nullsAllowed>
<useDomainConstraints>false</useDomainConstraints>
<use>1</use>
<logicalDatatype>LOGDT024</logicalDatatype>
<dataTypeSize>50 BYTE</dataTypeSize>
<ownDataTypeParameters>50 BYTE,,</ownDataTypeParameters>
</Attribute>
</attributes>
<identifiers itemClass="oracle.dbtools.crest.model.design.logical.CandidateKey">
<identifier id="42E5A354-73DD-4B5C-76A2-C1B848FCA998" name="SPECIALISATION PK">
<createdBy>admin</createdBy>
<createdTime>2019-04-30 21:04:58 UTC</createdTime>
<ownerDesignName>FIT3171_Logical_Model</ownerDesignName>
<engineerTo>
<item key="832DF958-A63A-377D-04B6-9632BA9CC77C" value="true"/>
</engineerTo>
<pk>true</pk>
<usedAttributes>
<attributeRef>EB4A2422-DE45-D82E-2B2C-A9B2869B3B29</attributeRef>
</usedAttributes>
</identifier>
</identifiers>
</Entity>