<?xml version = '1.0' encoding = 'UTF-8'?>
<Entity class="oracle.dbtools.crest.model.design.logical.Entity" directorySegmentName="seg_0" id="9A1578AB-1DFC-3BBF-CA4B-D628B92C222C" name="CHARGE">
<createdBy>admin</createdBy>
<createdTime>2019-04-30 23:08:49 UTC</createdTime>
<ownerDesignName>FIT3171_Logical_Model</ownerDesignName>
<engineerTo>
<item key="832DF958-A63A-377D-04B6-9632BA9CC77C" value="true"/>
</engineerTo>
<adequatelyNormalized>NO</adequatelyNormalized>
<expectedVolumes>0</expectedVolumes>
<fwdEngineeringStrategyName>Single Table</fwdEngineeringStrategyName>
<growthPercent>0</growthPercent>
<growthType>Year</growthType>
<maxVolumes>9999999</maxVolumes>
<minVolumes>0</minVolumes>
<normalForm>Third</normalForm>
<attributes itemClass="oracle.dbtools.crest.model.design.logical.Attribute">
<Attribute name="Charge_rate" id="D3F9A0B7-C24E-849E-5D87-407E6DE179F0">
<createdBy>admin</createdBy>
<createdTime>2019-04-30 23:09:07 UTC</createdTime>
<commentInRDBMS>Activity charge may change depends on date and time of the activity (Holiday may charge extra)</commentInRDBMS>
<ownerDesignName>FIT3171_Logical_Model</ownerDesignName>
<engineerTo>
<item key="832DF958-A63A-377D-04B6-9632BA9CC77C" value="true"/>
</engineerTo>
<constraintName>chk_charge_rate</constraintName>
<nullsAllowed>true</nullsAllowed>
<useDomainConstraints>false</useDomainConstraints>
<use>1</use>
<logicalDatatype>LOGDT026</logicalDatatype>
<dataTypePrecision>10</dataTypePrecision>
<dataTypeScale>4</dataTypeScale>
<checkConstraint>
<implementationDef dbType="Oracle Database 11g" definition="charge_rate &gt; 0"/>
</checkConstraint>
<ownDataTypeParameters>,10,4</ownDataTypeParameters>
</Attribute>
<Attribute name="Charge_time" id="533DD56D-D69D-D8D5-1D87-55A3AECD53A3">
<createdBy>admin</createdBy>
<createdTime>2019-04-30 23:13:33 UTC</createdTime>
<commentInRDBMS>Charge time is decided based on activity finish time</commentInRDBMS>
<ownerDesignName>FIT3171_Logical_Model</ownerDesignName>
<engineerTo>
<item key="832DF958-A63A-377D-04B6-9632BA9CC77C" value="true"/>
</engineerTo>
<useDomainConstraints>false</useDomainConstraints>
<use>1</use>
<logicalDatatype>LOGDT015</logicalDatatype>
<dataTypePrecision>0</dataTypePrecision>
<ownDataTypeParameters>,0,</ownDataTypeParameters>
</Attribute>
<Attribute name="Customer_id" id="61E4502F-4423-914A-9F74-B36A5F9446C3">
<createdBy>admin</createdBy>
<createdTime>2019-04-30 23:17:31 UTC</createdTime>
<commentInRDBMS>Customer unique id, as the primary key</commentInRDBMS>
<generatorID>5C895A1F-AAD3-6C17-AC82-CC3C2010A1C5</generatorID>
<ownerDesignName>FIT3171_Logical_Model</ownerDesignName>
<engineerTo>
<item key="832DF958-A63A-377D-04B6-9632BA9CC77C" value="true"/>
</engineerTo>
<referedAttribute>C03F82FF-8654-2FC1-6257-964E69C18701</referedAttribute>
<useDomainConstraints>false</useDomainConstraints>
<use>1</use>
<logicalDatatype>LOGDT024</logicalDatatype>
<dataTypeSize>6 CHAR</dataTypeSize>
<ownDataTypeParameters>,,</ownDataTypeParameters>
</Attribute>
<Attribute name="Activity_code" id="9D84F29E-5044-E375-6204-27247B9FBAA6">
<createdBy>admin</createdBy>
<createdTime>2019-04-30 23:20:03 UTC</createdTime>
<commentInRDBMS>Activity code as primary key</commentInRDBMS>
<generatorID>8D941F8C-CB01-7888-4E96-A895CF3DF9F2</generatorID>
<ownerDesignName>FIT3171_Logical_Model</ownerDesignName>
<engineerTo>
<item key="832DF958-A63A-377D-04B6-9632BA9CC77C" value="true"/>
</engineerTo>
<referedAttribute>F666D8BA-1C3D-CBFE-C6C4-D202642833EC</referedAttribute>
<useDomainConstraints>false</useDomainConstraints>
<use>1</use>
<logicalDatatype>LOGDT024</logicalDatatype>
<dataTypeSize>12 BYTE</dataTypeSize>
<ownDataTypeParameters>,,</ownDataTypeParameters>
</Attribute>
<Attribute name="Item_code" id="0FC5356F-8DB8-98A3-0D4E-A18F5639220D">
<createdBy>admin</createdBy>
<createdTime>2019-04-30 23:22:30 UTC</createdTime>
<commentInRDBMS>Unique item code as primary key</commentInRDBMS>
<generatorID>878E944A-67F5-B357-E2EE-B00E416E0C2E</generatorID>
<ownerDesignName>FIT3171_Logical_Model</ownerDesignName>
<engineerTo>
<item key="832DF958-A63A-377D-04B6-9632BA9CC77C" value="true"/>
</engineerTo>
<referedAttribute>233FFADA-399F-F443-F7AD-574C2CE2BEF6</referedAttribute>
<useDomainConstraints>false</useDomainConstraints>
<use>1</use>
<logicalDatatype>LOGDT024</logicalDatatype>
<dataTypeSize>12 BYTE</dataTypeSize>
<ownDataTypeParameters>,,</ownDataTypeParameters>
</Attribute>
</attributes>
<identifiers itemClass="oracle.dbtools.crest.model.design.logical.CandidateKey">
<identifier id="B16524DD-C4B8-AD39-F962-92E8FB8B7811" name="CHARGE PK">
<createdBy>admin</createdBy>
<createdTime>2019-04-30 23:26:22 UTC</createdTime>
<ownerDesignName>FIT3171_Logical_Model</ownerDesignName>
<engineerTo>
<item key="832DF958-A63A-377D-04B6-9632BA9CC77C" value="true"/>
</engineerTo>
<pk>true</pk>
<usedAttributes>
<attributeRef>61E4502F-4423-914A-9F74-B36A5F9446C3</attributeRef>
<attributeRef>61E4502F-4423-914A-9F74-B36A5F9446C3</attributeRef>
<attributeRef>533DD56D-D69D-D8D5-1D87-55A3AECD53A3</attributeRef>
</usedAttributes>
</identifier>
</identifiers>
</Entity>