<?xml version = '1.0' encoding = 'UTF-8'?>
<Entity class="oracle.dbtools.crest.model.design.logical.Entity" directorySegmentName="seg_0" id="C9758B28-34F9-DDB0-4A66-3A09B3AEA6FA" name="TOUR_GUIDE_SPECIAL">
<createdBy>admin</createdBy>
<createdTime>2019-04-30 21:03:54 UTC</createdTime>
<ownerDesignName>FIT3171_Logical_Model</ownerDesignName>
<engineerTo>
<item key="832DF958-A63A-377D-04B6-9632BA9CC77C" value="true"/>
</engineerTo>
<adequatelyNormalized>NO</adequatelyNormalized>
<expectedVolumes>0</expectedVolumes>
<fwdEngineeringStrategyName>Single Table</fwdEngineeringStrategyName>
<growthPercent>0</growthPercent>
<growthType>Year</growthType>
<maxVolumes>9999999</maxVolumes>
<minVolumes>0</minVolumes>
<normalForm>Third</normalForm>
<attributes itemClass="oracle.dbtools.crest.model.design.logical.Attribute">
<Attribute name="Special_code" id="E0D564C2-5961-8AA4-3FB0-988CEDE5F488">
<createdBy>admin</createdBy>
<createdTime>2019-04-30 21:07:33 UTC</createdTime>
<commentInRDBMS>Special code for each specialisation. For example, Special_code for foodie tour is FT</commentInRDBMS>
<generatorID>175F37BB-88B8-9004-9007-5FFEADEA2052</generatorID>
<ownerDesignName>FIT3171_Logical_Model</ownerDesignName>
<engineerTo>
<item key="832DF958-A63A-377D-04B6-9632BA9CC77C" value="true"/>
</engineerTo>
<referedAttribute>EB4A2422-DE45-D82E-2B2C-A9B2869B3B29</referedAttribute>
<useDomainConstraints>false</useDomainConstraints>
<use>1</use>
<logicalDatatype>LOGDT024</logicalDatatype>
<dataTypeSize>12 BYTE</dataTypeSize>
<ownDataTypeParameters>,,</ownDataTypeParameters>
</Attribute>
<Attribute name="Tour_guide_id" id="62513E2D-403E-7239-186D-546EA94BE40E">
<createdBy>admin</createdBy>
<createdTime>2019-04-30 21:08:37 UTC</createdTime>
<commentInRDBMS>unique id of tour guide</commentInRDBMS>
<generatorID>DCB7E135-7175-4A18-543D-94DD825D5ECE</generatorID>
<ownerDesignName>FIT3171_Logical_Model</ownerDesignName>
<engineerTo>
<item key="832DF958-A63A-377D-04B6-9632BA9CC77C" value="true"/>
</engineerTo>
<referedAttribute>D42E74BB-A25B-14A1-0CDF-10BDD19E8119</referedAttribute>
<useDomainConstraints>false</useDomainConstraints>
<use>1</use>
<logicalDatatype>LOGDT024</logicalDatatype>
<dataTypeSize>12 BYTE</dataTypeSize>
<ownDataTypeParameters>,,</ownDataTypeParameters>
</Attribute>
</attributes>
<identifiers itemClass="oracle.dbtools.crest.model.design.logical.CandidateKey">
<identifier id="F3302D21-EDF3-C4C6-B92C-49EA392E932D" name="TOUR_GUIDE_SPECIAL PK">
<createdBy>admin</createdBy>
<createdTime>2019-04-30 21:10:23 UTC</createdTime>
<ownerDesignName>FIT3171_Logical_Model</ownerDesignName>
<engineerTo>
<item key="832DF958-A63A-377D-04B6-9632BA9CC77C" value="true"/>
</engineerTo>
<pk>true</pk>
<usedAttributes>
<attributeRef>E0D564C2-5961-8AA4-3FB0-988CEDE5F488</attributeRef>
<attributeRef>62513E2D-403E-7239-186D-546EA94BE40E</attributeRef>
</usedAttributes>
</identifier>
</identifiers>
</Entity>