<?xml version = '1.0' encoding = 'UTF-8'?>
<Entity class="oracle.dbtools.crest.model.design.logical.Entity" directorySegmentName="seg_0" id="CDF4E106-0351-C3CC-614A-671C98663D56" name="POLICE_CHECK">
<createdBy>admin</createdBy>
<createdTime>2019-04-30 22:09:34 UTC</createdTime>
<ownerDesignName>FIT3171_Logical_Model</ownerDesignName>
<engineerTo>
<item key="832DF958-A63A-377D-04B6-9632BA9CC77C" value="true"/>
</engineerTo>
<adequatelyNormalized>NO</adequatelyNormalized>
<expectedVolumes>0</expectedVolumes>
<fwdEngineeringStrategyName>Single Table</fwdEngineeringStrategyName>
<growthPercent>0</growthPercent>
<growthType>Year</growthType>
<maxVolumes>9999999</maxVolumes>
<minVolumes>0</minVolumes>
<normalForm>Third</normalForm>
<attributes itemClass="oracle.dbtools.crest.model.design.logical.Attribute">
<Attribute name="Check_cer" id="26BEFB25-1862-D5BA-43F1-CCDFF8FE7515">
<createdBy>admin</createdBy>
<createdTime>2019-04-30 22:09:55 UTC</createdTime>
<commentInRDBMS>Housekeeper police check certificate (if available)</commentInRDBMS>
<ownerDesignName>FIT3171_Logical_Model</ownerDesignName>
<engineerTo>
<item key="832DF958-A63A-377D-04B6-9632BA9CC77C" value="true"/>
</engineerTo>
<nullsAllowed>true</nullsAllowed>
<useDomainConstraints>false</useDomainConstraints>
<use>1</use>
<logicalDatatype>LOGDT024</logicalDatatype>
<dataTypeSize>30 BYTE</dataTypeSize>
<ownDataTypeParameters>30 BYTE,,</ownDataTypeParameters>
</Attribute>
<Attribute name="Keeper_id" id="5434B9CC-F9BF-F2C1-867C-EA1B92F5EC69">
<createdBy>admin</createdBy>
<createdTime>2019-04-30 22:10:42 UTC</createdTime>
<commentInRDBMS>Unique id of the house keepeer</commentInRDBMS>
<generatorID>89EA4C97-314A-B208-F6EE-159FCB54340C</generatorID>
<ownerDesignName>FIT3171_Logical_Model</ownerDesignName>
<engineerTo>
<item key="832DF958-A63A-377D-04B6-9632BA9CC77C" value="true"/>
</engineerTo>
<referedAttribute>CA5249AE-F781-F47E-B37A-740ED377C2AB</referedAttribute>
<useDomainConstraints>false</useDomainConstraints>
<use>1</use>
<logicalDatatype>LOGDT024</logicalDatatype>
<dataTypeSize>12 BYTE</dataTypeSize>
<ownDataTypeParameters>,,</ownDataTypeParameters>
</Attribute>
</attributes>
<identifiers itemClass="oracle.dbtools.crest.model.design.logical.CandidateKey">
<identifier id="98003C77-9EF2-BF40-F11A-0B9835FD8A75" name="POLICE_CHECK PK">
<createdBy>admin</createdBy>
<createdTime>2019-04-30 22:12:00 UTC</createdTime>
<ownerDesignName>FIT3171_Logical_Model</ownerDesignName>
<engineerTo>
<item key="832DF958-A63A-377D-04B6-9632BA9CC77C" value="true"/>
</engineerTo>
<pk>true</pk>
<usedAttributes>
<attributeRef>5434B9CC-F9BF-F2C1-867C-EA1B92F5EC69</attributeRef>
<attributeRef>5434B9CC-F9BF-F2C1-867C-EA1B92F5EC69</attributeRef>
</usedAttributes>
</identifier>
</identifiers>
</Entity>