<?xml version = '1.0' encoding = 'UTF-8'?>
<Entity class="oracle.dbtools.crest.model.design.logical.Entity" directorySegmentName="seg_0" id="D215B648-A373-8D0F-22D0-F57B5070ECEE" name="ACTIVITY">
<createdBy>admin</createdBy>
<createdTime>2019-04-30 22:24:39 UTC</createdTime>
<ownerDesignName>FIT3171_Logical_Model</ownerDesignName>
<engineerTo>
<item key="832DF958-A63A-377D-04B6-9632BA9CC77C" value="true"/>
</engineerTo>
<adequatelyNormalized>NO</adequatelyNormalized>
<expectedVolumes>0</expectedVolumes>
<fwdEngineeringStrategyName>Single Table</fwdEngineeringStrategyName>
<growthPercent>0</growthPercent>
<growthType>Year</growthType>
<maxVolumes>9999999</maxVolumes>
<minVolumes>0</minVolumes>
<normalForm>Third</normalForm>
<attributes itemClass="oracle.dbtools.crest.model.design.logical.Attribute">
<Attribute name="Activity_code" id="F666D8BA-1C3D-CBFE-C6C4-D202642833EC">
<createdBy>admin</createdBy>
<createdTime>2019-04-30 22:24:50 UTC</createdTime>
<commentInRDBMS>Activity code as primary key</commentInRDBMS>
<ownerDesignName>FIT3171_Logical_Model</ownerDesignName>
<engineerTo>
<item key="832DF958-A63A-377D-04B6-9632BA9CC77C" value="true"/>
</engineerTo>
<useDomainConstraints>false</useDomainConstraints>
<use>1</use>
<logicalDatatype>LOGDT024</logicalDatatype>
<dataTypeSize>12 BYTE</dataTypeSize>
<ownDataTypeParameters>12 BYTE,,</ownDataTypeParameters>
</Attribute>
<Attribute name="Activity_name" id="D0A6408D-4DDD-22CB-D9A7-DE3407D4310B">
<createdBy>admin</createdBy>
<createdTime>2019-04-30 22:25:14 UTC</createdTime>
<commentInRDBMS>Activity name</commentInRDBMS>
<ownerDesignName>FIT3171_Logical_Model</ownerDesignName>
<engineerTo>
<item key="832DF958-A63A-377D-04B6-9632BA9CC77C" value="true"/>
</engineerTo>
<useDomainConstraints>false</useDomainConstraints>
<use>1</use>
<logicalDatatype>LOGDT024</logicalDatatype>
<dataTypeSize>30 BYTE</dataTypeSize>
<ownDataTypeParameters>30 BYTE,,</ownDataTypeParameters>
</Attribute>
<Attribute name="Activity_description" id="97AEA306-9841-9C37-8E3A-DEDA400097E2">
<createdBy>admin</createdBy>
<createdTime>2019-04-30 22:25:45 UTC</createdTime>
<commentInRDBMS>Activity description</commentInRDBMS>
<ownerDesignName>FIT3171_Logical_Model</ownerDesignName>
<engineerTo>
<item key="832DF958-A63A-377D-04B6-9632BA9CC77C" value="true"/>
</engineerTo>
<useDomainConstraints>false</useDomainConstraints>
<use>1</use>
<logicalDatatype>LOGDT024</logicalDatatype>
<dataTypeSize>50 BYTE</dataTypeSize>
<ownDataTypeParameters>50 BYTE,,</ownDataTypeParameters>
</Attribute>
<Attribute name="Activity_duration" id="A25D90A8-4B74-AF0A-C83A-38B12B88F160">
<createdBy>admin</createdBy>
<createdTime>2019-04-30 22:26:16 UTC</createdTime>
<commentInRDBMS>Duration of the activity. The time can vary (eample: a lunch activity may last long or short depends on the customer)</commentInRDBMS>
<ownerDesignName>FIT3171_Logical_Model</ownerDesignName>
<engineerTo>
<item key="832DF958-A63A-377D-04B6-9632BA9CC77C" value="true"/>
</engineerTo>
<nullsAllowed>true</nullsAllowed>
<useDomainConstraints>false</useDomainConstraints>
<use>1</use>
<logicalDatatype>LOGDT014</logicalDatatype>
<ownDataTypeParameters>,,</ownDataTypeParameters>
</Attribute>
<Attribute name="Activity_cost" id="D5AB48E4-A090-2591-3428-426CC840A275">
<createdBy>admin</createdBy>
<createdTime>2019-04-30 22:28:37 UTC</createdTime>
<commentInRDBMS>Activity cost up to four digits after the decimal point. This include 0</commentInRDBMS>
<ownerDesignName>FIT3171_Logical_Model</ownerDesignName>
<engineerTo>
<item key="832DF958-A63A-377D-04B6-9632BA9CC77C" value="true"/>
</engineerTo>
<constraintName>chk_activity_cost</constraintName>
<useDomainConstraints>false</useDomainConstraints>
<use>1</use>
<logicalDatatype>LOGDT043</logicalDatatype>
<dataTypePrecision>19</dataTypePrecision>
<dataTypeScale>4</dataTypeScale>
<checkConstraint>
<implementationDef dbType="Oracle Database 11g" definition="activity_cost &gt;= 0"/>
</checkConstraint>
<ownDataTypeParameters>,19,4</ownDataTypeParameters>
</Attribute>
</attributes>
<identifiers itemClass="oracle.dbtools.crest.model.design.logical.CandidateKey">
<identifier id="136F754D-7FC4-40FC-836A-0898F44BF6CB" name="ACTIVITY PK">
<createdBy>admin</createdBy>
<createdTime>2019-04-30 22:25:04 UTC</createdTime>
<ownerDesignName>FIT3171_Logical_Model</ownerDesignName>
<engineerTo>
<item key="832DF958-A63A-377D-04B6-9632BA9CC77C" value="true"/>
</engineerTo>
<pk>true</pk>
<usedAttributes>
<attributeRef>F666D8BA-1C3D-CBFE-C6C4-D202642833EC</attributeRef>
</usedAttributes>
</identifier>
</identifiers>
</Entity>