<?xml version = '1.0' encoding = 'UTF-8'?>
<Entity class="oracle.dbtools.crest.model.design.logical.Entity" directorySegmentName="seg_0" id="D979F1A3-565F-398B-E222-D5326C5B49F5" name="PRESCRIPTION">
<createdBy>admin</createdBy>
<createdTime>2019-04-30 22:54:47 UTC</createdTime>
<ownerDesignName>FIT3171_Logical_Model</ownerDesignName>
<engineerTo>
<item key="832DF958-A63A-377D-04B6-9632BA9CC77C" value="true"/>
</engineerTo>
<adequatelyNormalized>NO</adequatelyNormalized>
<expectedVolumes>0</expectedVolumes>
<fwdEngineeringStrategyName>Single Table</fwdEngineeringStrategyName>
<growthPercent>0</growthPercent>
<growthType>Year</growthType>
<maxVolumes>9999999</maxVolumes>
<minVolumes>0</minVolumes>
<normalForm>Third</normalForm>
<attributes itemClass="oracle.dbtools.crest.model.design.logical.Attribute">
<Attribute name="Prescribe_time" id="42C4E69E-39B3-C64B-7DC2-B5D91EE3FFB4">
<createdBy>admin</createdBy>
<createdTime>2019-04-30 22:55:02 UTC</createdTime>
<commentInRDBMS>The time that tour guide prescribe an activity to a customer</commentInRDBMS>
<ownerDesignName>FIT3171_Logical_Model</ownerDesignName>
<engineerTo>
<item key="832DF958-A63A-377D-04B6-9632BA9CC77C" value="true"/>
</engineerTo>
<useDomainConstraints>false</useDomainConstraints>
<use>1</use>
<logicalDatatype>LOGDT015</logicalDatatype>
<dataTypePrecision>0</dataTypePrecision>
<ownDataTypeParameters>,0,</ownDataTypeParameters>
</Attribute>
<Attribute name="Book_time" id="7877EA7C-736A-E443-A7B9-E0D00478C75F">
<createdBy>admin</createdBy>
<createdTime>2019-04-30 22:56:16 UTC</createdTime>
<commentInRDBMS>Customers booking time, serves as primary key</commentInRDBMS>
<generatorID>FCC5CD4C-EB42-A5D2-6F95-A66CDB017D90</generatorID>
<ownerDesignName>FIT3171_Logical_Model</ownerDesignName>
<engineerTo>
<item key="832DF958-A63A-377D-04B6-9632BA9CC77C" value="true"/>
</engineerTo>
<referedAttribute>71A724E9-C486-4AF7-2C86-1E0E65DE0A3F</referedAttribute>
<useDomainConstraints>false</useDomainConstraints>
<use>1</use>
<logicalDatatype>LOGDT015</logicalDatatype>
<dataTypePrecision>0</dataTypePrecision>
<ownDataTypeParameters>,,</ownDataTypeParameters>
</Attribute>
<Attribute name="Customer_id" id="10A37D94-6CB3-0090-2900-DAC886EDACA4">
<createdBy>admin</createdBy>
<createdTime>2019-04-30 22:56:16 UTC</createdTime>
<commentInRDBMS>Customer unique id, as the primary key</commentInRDBMS>
<generatorID>FCC5CD4C-EB42-A5D2-6F95-A66CDB017D90</generatorID>
<ownerDesignName>FIT3171_Logical_Model</ownerDesignName>
<engineerTo>
<item key="832DF958-A63A-377D-04B6-9632BA9CC77C" value="true"/>
</engineerTo>
<referedAttribute>126BD4AF-55CA-A328-DABD-A15E5B7F49D8</referedAttribute>
<useDomainConstraints>false</useDomainConstraints>
<use>1</use>
<logicalDatatype>LOGDT024</logicalDatatype>
<dataTypeSize>6 BYTE</dataTypeSize>
<ownDataTypeParameters>,,</ownDataTypeParameters>
</Attribute>
<Attribute name="Tour_guide_id" id="3CCA2003-9664-0198-D1E6-516C6DD20574">
<createdBy>admin</createdBy>
<createdTime>2019-04-30 22:58:16 UTC</createdTime>
<commentInRDBMS>unique id of tour guide</commentInRDBMS>
<generatorID>467EFB17-5DCD-8BBB-5C31-D1EF494F526D</generatorID>
<ownerDesignName>FIT3171_Logical_Model</ownerDesignName>
<engineerTo>
<item key="832DF958-A63A-377D-04B6-9632BA9CC77C" value="true"/>
</engineerTo>
<referedAttribute>D42E74BB-A25B-14A1-0CDF-10BDD19E8119</referedAttribute>
<useDomainConstraints>false</useDomainConstraints>
<use>1</use>
<logicalDatatype>LOGDT024</logicalDatatype>
<dataTypeSize>12 BYTE</dataTypeSize>
<ownDataTypeParameters>,,</ownDataTypeParameters>
</Attribute>
<Attribute name="Activity_code" id="2FEFDD8F-5BEA-1014-5BEA-6455D680854F">
<createdBy>admin</createdBy>
<createdTime>2019-04-30 22:59:20 UTC</createdTime>
<commentInRDBMS>Activity code as primary key</commentInRDBMS>
<generatorID>48DC4630-6CBB-8E69-23FB-A29CDF038741</generatorID>
<ownerDesignName>FIT3171_Logical_Model</ownerDesignName>
<engineerTo>
<item key="832DF958-A63A-377D-04B6-9632BA9CC77C" value="true"/>
</engineerTo>
<referedAttribute>F666D8BA-1C3D-CBFE-C6C4-D202642833EC</referedAttribute>
<useDomainConstraints>false</useDomainConstraints>
<use>1</use>
<logicalDatatype>LOGDT024</logicalDatatype>
<dataTypeSize>12 BYTE</dataTypeSize>
<ownDataTypeParameters>,,</ownDataTypeParameters>
</Attribute>
</attributes>
<identifiers itemClass="oracle.dbtools.crest.model.design.logical.CandidateKey">
<identifier id="F4C2BABA-2DB8-3136-936C-250A515C7059" name="PRESCRIPTION PK">
<createdBy>admin</createdBy>
<createdTime>2019-04-30 23:04:41 UTC</createdTime>
<ownerDesignName>FIT3171_Logical_Model</ownerDesignName>
<engineerTo>
<item key="832DF958-A63A-377D-04B6-9632BA9CC77C" value="true"/>
</engineerTo>
<pk>true</pk>
<usedAttributes>
<attributeRef>10A37D94-6CB3-0090-2900-DAC886EDACA4</attributeRef>
<attributeRef>2FEFDD8F-5BEA-1014-5BEA-6455D680854F</attributeRef>
<attributeRef>2FEFDD8F-5BEA-1014-5BEA-6455D680854F</attributeRef>
<attributeRef>10A37D94-6CB3-0090-2900-DAC886EDACA4</attributeRef>
<attributeRef>42C4E69E-39B3-C64B-7DC2-B5D91EE3FFB4</attributeRef>
</usedAttributes>
</identifier>
</identifiers>
</Entity>