<?xml version = '1.0' encoding = 'UTF-8'?>
<Entity class="oracle.dbtools.crest.model.design.logical.Entity" directorySegmentName="seg_0" id="E51C8171-9A64-63DF-81A4-E5405E4601CC" name="ITEM">
<createdBy>admin</createdBy>
<createdTime>2019-04-30 22:36:00 UTC</createdTime>
<ownerDesignName>FIT3171_Logical_Model</ownerDesignName>
<engineerTo>
<item key="832DF958-A63A-377D-04B6-9632BA9CC77C" value="true"/>
</engineerTo>
<adequatelyNormalized>NO</adequatelyNormalized>
<expectedVolumes>0</expectedVolumes>
<fwdEngineeringStrategyName>Single Table</fwdEngineeringStrategyName>
<growthPercent>0</growthPercent>
<growthType>Year</growthType>
<maxVolumes>9999999</maxVolumes>
<minVolumes>0</minVolumes>
<normalForm>Third</normalForm>
<attributes itemClass="oracle.dbtools.crest.model.design.logical.Attribute">
<Attribute name="Item_code" id="233FFADA-399F-F443-F7AD-574C2CE2BEF6">
<createdBy>admin</createdBy>
<createdTime>2019-04-30 22:36:05 UTC</createdTime>
<commentInRDBMS>Unique item code as primary key</commentInRDBMS>
<ownerDesignName>FIT3171_Logical_Model</ownerDesignName>
<engineerTo>
<item key="832DF958-A63A-377D-04B6-9632BA9CC77C" value="true"/>
</engineerTo>
<useDomainConstraints>false</useDomainConstraints>
<use>1</use>
<logicalDatatype>LOGDT024</logicalDatatype>
<dataTypeSize>12 BYTE</dataTypeSize>
<ownDataTypeParameters>12 BYTE,,</ownDataTypeParameters>
</Attribute>
<Attribute name="Item_desc" id="50969B42-F0FE-2FDE-30FE-CBA2B7E79501">
<createdBy>admin</createdBy>
<createdTime>2019-04-30 22:36:26 UTC</createdTime>
<commentInRDBMS>Description of the item</commentInRDBMS>
<ownerDesignName>FIT3171_Logical_Model</ownerDesignName>
<engineerTo>
<item key="832DF958-A63A-377D-04B6-9632BA9CC77C" value="true"/>
</engineerTo>
<useDomainConstraints>false</useDomainConstraints>
<use>1</use>
<logicalDatatype>LOGDT024</logicalDatatype>
<dataTypeSize>50 BYTE</dataTypeSize>
<ownDataTypeParameters>50 BYTE,,</ownDataTypeParameters>
</Attribute>
<Attribute name="Item_stock" id="2D573DB6-BA08-FB10-50DE-F4F3E5B49C97">
<createdBy>admin</createdBy>
<createdTime>2019-04-30 22:36:58 UTC</createdTime>
<commentInRDBMS>Stock of item related to supplier</commentInRDBMS>
<ownerDesignName>FIT3171_Logical_Model</ownerDesignName>
<engineerTo>
<item key="832DF958-A63A-377D-04B6-9632BA9CC77C" value="true"/>
</engineerTo>
<constraintName>chk_item_stock</constraintName>
<useDomainConstraints>false</useDomainConstraints>
<use>1</use>
<logicalDatatype>LOGDT011</logicalDatatype>
<checkConstraint>
<implementationDef dbType="Oracle Database 11g" definition="item_stock &gt;= 0"/>
</checkConstraint>
<ownDataTypeParameters>,,</ownDataTypeParameters>
</Attribute>
<Attribute name="Item_cost" id="7953B6BB-141C-48F5-EC06-9A0224F89319">
<createdBy>admin</createdBy>
<createdTime>2019-04-30 22:37:29 UTC</createdTime>
<commentInRDBMS>Cost of the item. This include 0</commentInRDBMS>
<ownerDesignName>FIT3171_Logical_Model</ownerDesignName>
<engineerTo>
<item key="832DF958-A63A-377D-04B6-9632BA9CC77C" value="true"/>
</engineerTo>
<constraintName>chk_item_cost</constraintName>
<useDomainConstraints>false</useDomainConstraints>
<use>1</use>
<logicalDatatype>LOGDT043</logicalDatatype>
<dataTypePrecision>19</dataTypePrecision>
<dataTypeScale>4</dataTypeScale>
<checkConstraint>
<implementationDef dbType="Oracle Database 11g" definition="item_cost &gt;= 0"/>
</checkConstraint>
<ownDataTypeParameters>,19,4</ownDataTypeParameters>
</Attribute>
<Attribute name="Centre_code" id="23676939-E078-D449-B0BD-C5F3226EDA18">
<createdBy>admin</createdBy>
<createdTime>2019-04-30 22:53:30 UTC</createdTime>
<commentInRDBMS>Cost centre unique code as primary key</commentInRDBMS>
<generatorID>13FC0293-C127-0236-ACCD-3B34D7C2A532</generatorID>
<ownerDesignName>FIT3171_Logical_Model</ownerDesignName>
<engineerTo>
<item key="832DF958-A63A-377D-04B6-9632BA9CC77C" value="true"/>
</engineerTo>
<referedAttribute>6E7E268F-B981-802A-A0A0-F3810977E03F</referedAttribute>
<useDomainConstraints>false</useDomainConstraints>
<use>1</use>
<logicalDatatype>LOGDT024</logicalDatatype>
<dataTypeSize>12 BYTE</dataTypeSize>
<ownDataTypeParameters>,,</ownDataTypeParameters>
</Attribute>
</attributes>
<identifiers itemClass="oracle.dbtools.crest.model.design.logical.CandidateKey">
<identifier id="D88C79FA-5C65-42B4-1532-225217BF6922" name="ITEM PK">
<createdBy>admin</createdBy>
<createdTime>2019-04-30 22:36:16 UTC</createdTime>
<ownerDesignName>FIT3171_Logical_Model</ownerDesignName>
<engineerTo>
<item key="832DF958-A63A-377D-04B6-9632BA9CC77C" value="true"/>
</engineerTo>
<pk>true</pk>
<usedAttributes>
<attributeRef>233FFADA-399F-F443-F7AD-574C2CE2BEF6</attributeRef>
</usedAttributes>
</identifier>
</identifiers>
</Entity>