<?xml version = '1.0' encoding = 'UTF-8'?>
<Entity class="oracle.dbtools.crest.model.design.logical.Entity" directorySegmentName="seg_0" id="EA5A18C9-C665-BCC2-EEDD-A2557DC95598" name="MOVING RECORD">
<createdBy>admin</createdBy>
<createdTime>2019-04-30 20:27:55 UTC</createdTime>
<ownerDesignName>FIT3171_Logical_Model</ownerDesignName>
<engineerTo>
<item key="832DF958-A63A-377D-04B6-9632BA9CC77C" value="true"/>
</engineerTo>
<adequatelyNormalized>NO</adequatelyNormalized>
<expectedVolumes>0</expectedVolumes>
<fwdEngineeringStrategyName>Single Table</fwdEngineeringStrategyName>
<growthPercent>0</growthPercent>
<growthType>Year</growthType>
<maxVolumes>9999999</maxVolumes>
<minVolumes>0</minVolumes>
<normalForm>Third</normalForm>
<attributes itemClass="oracle.dbtools.crest.model.design.logical.Attribute">
<Attribute name="Moving_time" id="B71CA3A9-2434-A078-9220-0B226175D463">
<createdBy>admin</createdBy>
<createdTime>2019-04-30 20:28:33 UTC</createdTime>
<commentInRDBMS>Moving time as primary key</commentInRDBMS>
<ownerDesignName>FIT3171_Logical_Model</ownerDesignName>
<engineerTo>
<item key="832DF958-A63A-377D-04B6-9632BA9CC77C" value="true"/>
</engineerTo>
<useDomainConstraints>false</useDomainConstraints>
<use>1</use>
<logicalDatatype>LOGDT015</logicalDatatype>
<dataTypePrecision>0</dataTypePrecision>
<ownDataTypeParameters>,0,</ownDataTypeParameters>
</Attribute>
<Attribute name="Room_number" id="C8738C3F-EE2A-8FD1-F23F-CA4F56B0D2E0">
<createdBy>admin</createdBy>
<createdTime>2019-04-30 20:31:07 UTC</createdTime>
<commentInRDBMS>Room number of the customer</commentInRDBMS>
<ownerDesignName>FIT3171_Logical_Model</ownerDesignName>
<engineerTo>
<item key="832DF958-A63A-377D-04B6-9632BA9CC77C" value="true"/>
</engineerTo>
<nullsAllowed>true</nullsAllowed>
<useDomainConstraints>false</useDomainConstraints>
<use>1</use>
<logicalDatatype>LOGDT011</logicalDatatype>
<ownDataTypeParameters>,,</ownDataTypeParameters>
</Attribute>
<Attribute name="Houseshare_code" id="AA8CB489-E0B7-F2B2-AA9F-97CFD4BDE787">
<createdBy>admin</createdBy>
<createdTime>2019-04-30 21:23:15 UTC</createdTime>
<commentInRDBMS>Unique code of houseshare</commentInRDBMS>
<generatorID>32188092-2450-C4DF-E27A-C00A6EA11373</generatorID>
<ownerDesignName>FIT3171_Logical_Model</ownerDesignName>
<engineerTo>
<item key="832DF958-A63A-377D-04B6-9632BA9CC77C" value="true"/>
</engineerTo>
<referedAttribute>F8B012A1-7668-96A8-9874-BB52E4DF237D</referedAttribute>
<useDomainConstraints>false</useDomainConstraints>
<use>1</use>
<logicalDatatype>LOGDT024</logicalDatatype>
<dataTypeSize>12 BYTE</dataTypeSize>
<ownDataTypeParameters>,,</ownDataTypeParameters>
</Attribute>
<Attribute name="Book_time" id="4CFFFD09-1A65-7DED-1D21-E87D5C0AA6BC">
<createdBy>admin</createdBy>
<createdTime>2019-04-30 21:51:28 UTC</createdTime>
<commentInRDBMS>Customers booking time, serves as primary key</commentInRDBMS>
<generatorID>9719EF7F-F40E-6AC7-7BD1-7FF7D27586CB</generatorID>
<ownerDesignName>FIT3171_Logical_Model</ownerDesignName>
<engineerTo>
<item key="832DF958-A63A-377D-04B6-9632BA9CC77C" value="true"/>
</engineerTo>
<referedAttribute>71A724E9-C486-4AF7-2C86-1E0E65DE0A3F</referedAttribute>
<useDomainConstraints>false</useDomainConstraints>
<use>1</use>
<logicalDatatype>LOGDT015</logicalDatatype>
<dataTypePrecision>0</dataTypePrecision>
<ownDataTypeParameters>,,</ownDataTypeParameters>
</Attribute>
<Attribute name="Customer_id" id="5030DDDE-C965-C3E8-AE2F-270D82B2BE79">
<createdBy>admin</createdBy>
<createdTime>2019-04-30 21:51:28 UTC</createdTime>
<commentInRDBMS>Customer unique id, as the primary key</commentInRDBMS>
<generatorID>9719EF7F-F40E-6AC7-7BD1-7FF7D27586CB</generatorID>
<ownerDesignName>FIT3171_Logical_Model</ownerDesignName>
<engineerTo>
<item key="832DF958-A63A-377D-04B6-9632BA9CC77C" value="true"/>
</engineerTo>
<referedAttribute>126BD4AF-55CA-A328-DABD-A15E5B7F49D8</referedAttribute>
<useDomainConstraints>false</useDomainConstraints>
<use>1</use>
<logicalDatatype>LOGDT024</logicalDatatype>
<dataTypeSize>6 CHAR</dataTypeSize>
<ownDataTypeParameters>6 CHAR,,</ownDataTypeParameters>
</Attribute>
</attributes>
<identifiers itemClass="oracle.dbtools.crest.model.design.logical.CandidateKey">
<identifier id="16C144BD-5582-1FB0-7633-0AC3751C918C" name="MOVING RECORD PK">
<createdBy>admin</createdBy>
<createdTime>2019-04-30 20:28:49 UTC</createdTime>
<ownerDesignName>FIT3171_Logical_Model</ownerDesignName>
<engineerTo>
<item key="832DF958-A63A-377D-04B6-9632BA9CC77C" value="true"/>
</engineerTo>
<pk>true</pk>
<usedAttributes>
<attributeRef>B71CA3A9-2434-A078-9220-0B226175D463</attributeRef>
<attributeRef>5030DDDE-C965-C3E8-AE2F-270D82B2BE79</attributeRef>
</usedAttributes>
</identifier>
</identifiers>
</Entity>