<?xml version = '1.0' encoding = 'UTF-8'?>
<Entity class="oracle.dbtools.crest.model.design.logical.Entity" directorySegmentName="seg_0" id="F1C4179D-29C8-B00E-5A73-05CD59C1022A" name="BOOKING">
<createdBy>admin</createdBy>
<createdTime>2019-04-30 19:39:27 UTC</createdTime>
<ownerDesignName>FIT3171_Logical_Model</ownerDesignName>
<engineerTo>
<item key="832DF958-A63A-377D-04B6-9632BA9CC77C" value="true"/>
</engineerTo>
<adequatelyNormalized>NO</adequatelyNormalized>
<expectedVolumes>0</expectedVolumes>
<fwdEngineeringStrategyName>Single Table</fwdEngineeringStrategyName>
<growthPercent>0</growthPercent>
<growthType>Year</growthType>
<maxVolumes>9999999</maxVolumes>
<minVolumes>0</minVolumes>
<normalForm>Third</normalForm>
<attributes itemClass="oracle.dbtools.crest.model.design.logical.Attribute">
<Attribute name="Book_time" id="71A724E9-C486-4AF7-2C86-1E0E65DE0A3F">
<createdBy>admin</createdBy>
<createdTime>2019-04-30 19:40:13 UTC</createdTime>
<commentInRDBMS>Customers booking time, serves as primary key</commentInRDBMS>
<ownerDesignName>FIT3171_Logical_Model</ownerDesignName>
<engineerTo>
<item key="832DF958-A63A-377D-04B6-9632BA9CC77C" value="true"/>
</engineerTo>
<useDomainConstraints>false</useDomainConstraints>
<use>1</use>
<logicalDatatype>LOGDT015</logicalDatatype>
<dataTypePrecision>0</dataTypePrecision>
<ownDataTypeParameters>,0,</ownDataTypeParameters>
</Attribute>
<Attribute name="Depart_time" id="A5C11A46-BC3E-A0B1-5246-D5733F5B7C9B">
<createdBy>admin</createdBy>
<createdTime>2019-04-30 19:56:04 UTC</createdTime>
<commentInRDBMS>Check out time of the customer</commentInRDBMS>
<ownerDesignName>FIT3171_Logical_Model</ownerDesignName>
<engineerTo>
<item key="832DF958-A63A-377D-04B6-9632BA9CC77C" value="true"/>
</engineerTo>
<nullsAllowed>true</nullsAllowed>
<useDomainConstraints>false</useDomainConstraints>
<use>1</use>
<logicalDatatype>LOGDT015</logicalDatatype>
<dataTypePrecision>0</dataTypePrecision>
<ownDataTypeParameters>,0,</ownDataTypeParameters>
</Attribute>
<Attribute name="Tour_guide_id" id="A9E783A2-1938-AAAA-58D3-FB2309EC88DA">
<createdBy>admin</createdBy>
<createdTime>2019-04-30 21:02:50 UTC</createdTime>
<commentInRDBMS>unique id of tour guide</commentInRDBMS>
<generatorID>C6C7505D-D98A-13A9-C412-ED197F5AF84D</generatorID>
<ownerDesignName>FIT3171_Logical_Model</ownerDesignName>
<engineerTo>
<item key="832DF958-A63A-377D-04B6-9632BA9CC77C" value="true"/>
</engineerTo>
<referedAttribute>D42E74BB-A25B-14A1-0CDF-10BDD19E8119</referedAttribute>
<useDomainConstraints>false</useDomainConstraints>
<use>1</use>
<logicalDatatype>LOGDT024</logicalDatatype>
<dataTypeSize>6 BYTE</dataTypeSize>
<ownDataTypeParameters>6 BYTE,,</ownDataTypeParameters>
</Attribute>
<Attribute name="Customer_id" id="126BD4AF-55CA-A328-DABD-A15E5B7F49D8">
<createdBy>admin</createdBy>
<createdTime>2019-04-30 21:50:43 UTC</createdTime>
<commentInRDBMS>Customer unique id, as the primary key</commentInRDBMS>
<generatorID>7F789710-BC79-3F7B-CDAA-16EBD8097D07</generatorID>
<ownerDesignName>FIT3171_Logical_Model</ownerDesignName>
<engineerTo>
<item key="832DF958-A63A-377D-04B6-9632BA9CC77C" value="true"/>
</engineerTo>
<referedAttribute>C03F82FF-8654-2FC1-6257-964E69C18701</referedAttribute>
<useDomainConstraints>false</useDomainConstraints>
<use>1</use>
<logicalDatatype>LOGDT024</logicalDatatype>
<dataTypeSize>6 BYTE</dataTypeSize>
<ownDataTypeParameters>6 BYTE,,</ownDataTypeParameters>
</Attribute>
</attributes>
<identifiers itemClass="oracle.dbtools.crest.model.design.logical.CandidateKey">
<identifier id="217A6FD2-67DB-C900-4BD3-B7888AF1052F" name="BOOKING PK">
<createdBy>admin</createdBy>
<createdTime>2019-04-30 19:40:26 UTC</createdTime>
<ownerDesignName>FIT3171_Logical_Model</ownerDesignName>
<engineerTo>
<item key="832DF958-A63A-377D-04B6-9632BA9CC77C" value="true"/>
</engineerTo>
<pk>true</pk>
<usedAttributes>
<attributeRef>71A724E9-C486-4AF7-2C86-1E0E65DE0A3F</attributeRef>
<attributeRef>126BD4AF-55CA-A328-DABD-A15E5B7F49D8</attributeRef>
</usedAttributes>
</identifier>
</identifiers>
</Entity>