<?xml version = '1.0' encoding = 'UTF-8'?>
<Table class="oracle.dbtools.crest.model.design.relational.Table" directorySegmentName="seg_0" id="053764A9-E7D7-AC9B-E7E8-7C7523290BF7" name="PERFORMANCE">
<createdBy>admin</createdBy>
<createdTime>2019-05-01 01:15:43 UTC</createdTime>
<generatorID>02140EB7-CFE1-6D81-1A59-4B3A410DF840</generatorID>
<ownerDesignName>FIT3171_Logical_Model</ownerDesignName>
<allowColumnReorder>false</allowColumnReorder>
<existDependencyGenerateInDDl>true</existDependencyGenerateInDDl>
<parsed>true</parsed>
<columns itemClass="oracle.dbtools.crest.model.design.relational.Column">
<Column name="Tour_guide_id" id="1986A5A3-FBBE-3559-EE8F-9B44DBFD155B">
<createdBy>admin</createdBy>
<createdTime>2019-05-01 01:15:43 UTC</createdTime>
<commentInRDBMS>unique id of tour guide</commentInRDBMS>
<generatorID>9A01321C-1A7A-B392-56D0-9745E3B3B10C</generatorID>
<ownerDesignName>FIT3171_Logical_Model</ownerDesignName>
<useDomainConstraints>false</useDomainConstraints>
<use>1</use>
<logicalDatatype>LOGDT024</logicalDatatype>
<dataTypeSize>12 BYTE</dataTypeSize>
<ownDataTypeParameters>,,</ownDataTypeParameters>
<previousColumn>false</previousColumn>
<autoIncrementCycle>false</autoIncrementCycle>
<associations>
<colAssociation fkAssociation="926643EE-77E0-5FCA-C3E9-70025F05AB9F" referredColumn="7330820A-3B52-BB3D-1DA0-DA98B30F11FE"/>
</associations>
</Column>
<Column name="Activity_code" id="CEAF0629-AC63-4A7B-7EE9-B217DB80B74A">
<createdBy>admin</createdBy>
<createdTime>2019-05-01 01:15:43 UTC</createdTime>
<commentInRDBMS>Activity code as primary key</commentInRDBMS>
<generatorID>F0F079AF-46BA-76E9-6B3C-BFF52D452AB5</generatorID>
<ownerDesignName>FIT3171_Logical_Model</ownerDesignName>
<useDomainConstraints>false</useDomainConstraints>
<use>1</use>
<logicalDatatype>LOGDT024</logicalDatatype>
<dataTypeSize>12 BYTE</dataTypeSize>
<ownDataTypeParameters>,,</ownDataTypeParameters>
<previousColumn>false</previousColumn>
<autoIncrementCycle>false</autoIncrementCycle>
<associations>
<colAssociation fkAssociation="5E2E462A-9B6A-D3A3-FE6B-21D76D306967" referredColumn="7AF1594B-D5F7-4834-D713-69C308676380"/>
</associations>
</Column>
<Column name="Perform_time" id="8508905A-BFA0-71A9-DB38-B791465B76AA">
<createdBy>admin</createdBy>
<createdTime>2019-05-01 01:15:43 UTC</createdTime>
<commentInRDBMS>Time the tour guide finishes the activity</commentInRDBMS>
<generatorID>1F4194E1-1B0F-01BA-6867-E9F8BE98DAF9</generatorID>
<ownerDesignName>FIT3171_Logical_Model</ownerDesignName>
<useDomainConstraints>false</useDomainConstraints>
<use>1</use>
<logicalDatatype>LOGDT015</logicalDatatype>
<dataTypePrecision>0</dataTypePrecision>
<ownDataTypeParameters>,0,</ownDataTypeParameters>
<autoIncrementCycle>false</autoIncrementCycle>
</Column>
</columns>
<indexes itemClass="oracle.dbtools.crest.model.design.relational.Index">
<ind_PK_UK id="03B922BD-BF08-4255-D0DE-033212BCA87D" name="PERFORMANCE_PK">
<createdBy>admin</createdBy>
<createdTime>2019-05-01 01:15:43 UTC</createdTime>
<generatorID>2C587ECB-A03B-DEC0-347D-878023034569</generatorID>
<ownerDesignName>FIT3171_Logical_Model</ownerDesignName>
<pk>true</pk>
<indexState>Primary Constraint</indexState>
<isSurrogateKey>false</isSurrogateKey>
<indexColumnUsage>
<colUsage columnID="1986A5A3-FBBE-3559-EE8F-9B44DBFD155B"/>
<colUsage columnID="8508905A-BFA0-71A9-DB38-B791465B76AA"/>
</indexColumnUsage>
</ind_PK_UK>
<ind_PK_UK id="24DB1D37-62D1-440D-CC01-2AE81259F093" name="ACTIVITY_PERFORMANCE">
<createdBy>admin</createdBy>
<createdTime>2019-05-01 01:15:43 UTC</createdTime>
<generatorID>1D9C67C9-36BB-3871-8150-9B53E2EE47E7</generatorID>
<ownerDesignName>FIT3171_Logical_Model</ownerDesignName>
<indexState>Foreign Key</indexState>
<isSurrogateKey>false</isSurrogateKey>
<indexColumnUsage>
<colUsage columnID="CEAF0629-AC63-4A7B-7EE9-B217DB80B74A"/>
</indexColumnUsage>
</ind_PK_UK>
<ind_PK_UK id="00C63BC4-5B02-1123-861E-152E2941EAD2" name="TOUR_GUIDE_PERFORMANCE">
<createdBy>admin</createdBy>
<createdTime>2019-05-01 01:15:43 UTC</createdTime>
<generatorID>6B4D5557-98C8-3044-6620-44A0A2BDA726</generatorID>
<ownerDesignName>FIT3171_Logical_Model</ownerDesignName>
<indexState>Foreign Key</indexState>
<isSurrogateKey>false</isSurrogateKey>
<indexColumnUsage>
<colUsage columnID="1986A5A3-FBBE-3559-EE8F-9B44DBFD155B"/>
</indexColumnUsage>
</ind_PK_UK>
</indexes>
</Table>