<?xml version = '1.0' encoding = 'UTF-8'?>
<Table class="oracle.dbtools.crest.model.design.relational.Table" directorySegmentName="seg_0" id="17FED759-F952-AB09-8A0F-8E0F7B92B5B8" name="TOUR_GUIDE_SPECIAL">
<createdBy>admin</createdBy>
<createdTime>2019-05-01 01:15:43 UTC</createdTime>
<generatorID>C9758B28-34F9-DDB0-4A66-3A09B3AEA6FA</generatorID>
<ownerDesignName>FIT3171_Logical_Model</ownerDesignName>
<allowColumnReorder>false</allowColumnReorder>
<existDependencyGenerateInDDl>true</existDependencyGenerateInDDl>
<parsed>true</parsed>
<columns itemClass="oracle.dbtools.crest.model.design.relational.Column">
<Column name="Special_code" id="E8BFE529-5B33-7E59-D946-F0FC5F57E283">
<createdBy>admin</createdBy>
<createdTime>2019-05-01 01:15:43 UTC</createdTime>
<commentInRDBMS>Special code for each specialisation. For example, Special_code for foodie tour is FT</commentInRDBMS>
<generatorID>E0D564C2-5961-8AA4-3FB0-988CEDE5F488</generatorID>
<ownerDesignName>FIT3171_Logical_Model</ownerDesignName>
<useDomainConstraints>false</useDomainConstraints>
<use>1</use>
<logicalDatatype>LOGDT024</logicalDatatype>
<dataTypeSize>12 BYTE</dataTypeSize>
<ownDataTypeParameters>,,</ownDataTypeParameters>
<previousColumn>false</previousColumn>
<autoIncrementCycle>false</autoIncrementCycle>
<associations>
<colAssociation fkAssociation="BBAE3723-4BC1-4E05-213D-CF311B397428" referredColumn="A0C28137-699F-1BAE-C10F-611F3A202652"/>
</associations>
</Column>
<Column name="Tour_guide_id" id="1911B72A-6F38-5A24-AE17-276FD4403F68">
<createdBy>admin</createdBy>
<createdTime>2019-05-01 01:15:43 UTC</createdTime>
<commentInRDBMS>unique id of tour guide</commentInRDBMS>
<generatorID>62513E2D-403E-7239-186D-546EA94BE40E</generatorID>
<ownerDesignName>FIT3171_Logical_Model</ownerDesignName>
<useDomainConstraints>false</useDomainConstraints>
<use>1</use>
<logicalDatatype>LOGDT024</logicalDatatype>
<dataTypeSize>12 BYTE</dataTypeSize>
<ownDataTypeParameters>,,</ownDataTypeParameters>
<previousColumn>false</previousColumn>
<autoIncrementCycle>false</autoIncrementCycle>
<associations>
<colAssociation fkAssociation="698BA083-E4A1-79BA-6665-F61E82681D98" referredColumn="7330820A-3B52-BB3D-1DA0-DA98B30F11FE"/>
</associations>
</Column>
</columns>
<indexes itemClass="oracle.dbtools.crest.model.design.relational.Index">
<ind_PK_UK id="D8980903-6A0A-C871-85D9-AB62CCC95A3A" name="TOUR_GUIDE_SPECIAL_PK">
<createdBy>admin</createdBy>
<createdTime>2019-05-01 01:15:43 UTC</createdTime>
<generatorID>F3302D21-EDF3-C4C6-B92C-49EA392E932D</generatorID>
<ownerDesignName>FIT3171_Logical_Model</ownerDesignName>
<pk>true</pk>
<indexState>Primary Constraint</indexState>
<isSurrogateKey>false</isSurrogateKey>
<indexColumnUsage>
<colUsage columnID="E8BFE529-5B33-7E59-D946-F0FC5F57E283"/>
<colUsage columnID="1911B72A-6F38-5A24-AE17-276FD4403F68"/>
</indexColumnUsage>
</ind_PK_UK>
<ind_PK_UK id="1515205B-A44F-286E-7CB6-6AD5C37AFC2A" name="SPECIALISATION_TOURGUIDE_SPECIAL">
<createdBy>admin</createdBy>
<createdTime>2019-05-01 01:15:43 UTC</createdTime>
<generatorID>175F37BB-88B8-9004-9007-5FFEADEA2052</generatorID>
<ownerDesignName>FIT3171_Logical_Model</ownerDesignName>
<indexState>Foreign Key</indexState>
<isSurrogateKey>false</isSurrogateKey>
<indexColumnUsage>
<colUsage columnID="E8BFE529-5B33-7E59-D946-F0FC5F57E283"/>
</indexColumnUsage>
</ind_PK_UK>
<ind_PK_UK id="7098FD32-6D6C-524F-B65E-8DB3A8310284" name="TOURGUIDE_TOURGUIDE_SPECIAL">
<createdBy>admin</createdBy>
<createdTime>2019-05-01 01:15:43 UTC</createdTime>
<generatorID>DCB7E135-7175-4A18-543D-94DD825D5ECE</generatorID>
<ownerDesignName>FIT3171_Logical_Model</ownerDesignName>
<indexState>Foreign Key</indexState>
<isSurrogateKey>false</isSurrogateKey>
<indexColumnUsage>
<colUsage columnID="1911B72A-6F38-5A24-AE17-276FD4403F68"/>
</indexColumnUsage>
</ind_PK_UK>
</indexes>
</Table>