<?xml version = '1.0' encoding = 'UTF-8'?>
<Table class="oracle.dbtools.crest.model.design.relational.Table" directorySegmentName="seg_0" id="19711FA6-95D5-BBCD-D9EB-93F1599D07BA" name="HOUSESHARE">
<createdBy>admin</createdBy>
<createdTime>2019-05-01 01:15:43 UTC</createdTime>
<generatorID>3D7ACD5C-1FF4-D101-8416-0014F2C51203</generatorID>
<ownerDesignName>FIT3171_Logical_Model</ownerDesignName>
<allowColumnReorder>false</allowColumnReorder>
<existDependencyGenerateInDDl>true</existDependencyGenerateInDDl>
<parsed>true</parsed>
<columns itemClass="oracle.dbtools.crest.model.design.relational.Column">
<Column name="Houseshare_code" id="FE06E317-F2CD-CB98-FF6D-B2A7A8C8AA70">
<createdBy>admin</createdBy>
<createdTime>2019-05-01 01:15:43 UTC</createdTime>
<commentInRDBMS>Unique code of houseshare</commentInRDBMS>
<generatorID>F8B012A1-7668-96A8-9874-BB52E4DF237D</generatorID>
<ownerDesignName>FIT3171_Logical_Model</ownerDesignName>
<useDomainConstraints>false</useDomainConstraints>
<use>1</use>
<logicalDatatype>LOGDT024</logicalDatatype>
<dataTypeSize>12 BYTE</dataTypeSize>
<ownDataTypeParameters>12 BYTE,,</ownDataTypeParameters>
<autoIncrementCycle>false</autoIncrementCycle>
</Column>
<Column name="Houseshare_name" id="AFD0262A-94E6-7E95-FF55-C34127963BD4">
<createdBy>admin</createdBy>
<createdTime>2019-05-01 01:15:43 UTC</createdTime>
<comment>Houseshare name </comment>
<commentInRDBMS>Unique code of houseshare</commentInRDBMS>
<generatorID>A0DAFE17-6287-F4D6-9F2F-F7024EEFA9CB</generatorID>
<ownerDesignName>FIT3171_Logical_Model</ownerDesignName>
<useDomainConstraints>false</useDomainConstraints>
<use>1</use>
<logicalDatatype>LOGDT024</logicalDatatype>
<dataTypeSize>50 BYTE</dataTypeSize>
<ownDataTypeParameters>50 BYTE,,</ownDataTypeParameters>
<autoIncrementCycle>false</autoIncrementCycle>
</Column>
<Column name="House_num_rooms" id="22F12AA6-F803-3ACE-3DA5-CC8C2CD39485">
<createdBy>admin</createdBy>
<createdTime>2019-05-01 01:15:43 UTC</createdTime>
<commentInRDBMS>Number of room inside the house</commentInRDBMS>
<generatorID>C4A71E74-8C69-B784-A052-7BC824F93B07</generatorID>
<ownerDesignName>FIT3171_Logical_Model</ownerDesignName>
<constraintName>chk_House_number_rooms</constraintName>
<useDomainConstraints>false</useDomainConstraints>
<use>1</use>
<logicalDatatype>LOGDT011</logicalDatatype>
<checkConstraint>
<implementationDef dbType="Oracle Database 11g" definition="House_number_rooms &gt;= 1"/>
</checkConstraint>
<ownDataTypeParameters>,,</ownDataTypeParameters>
<autoIncrementCycle>false</autoIncrementCycle>
</Column>
<Column name="House_empty_room" id="17EB234D-F206-7383-5107-4CC5B116D1FA">
<createdBy>admin</createdBy>
<createdTime>2019-05-01 01:15:43 UTC</createdTime>
<commentInRDBMS>Number of empty room inside the house, including 0</commentInRDBMS>
<generatorID>BDA1F382-0B20-AA28-ABB8-8EEFBF6A5707</generatorID>
<ownerDesignName>FIT3171_Logical_Model</ownerDesignName>
<constraintName>chk_House_empty_room</constraintName>
<useDomainConstraints>false</useDomainConstraints>
<use>1</use>
<logicalDatatype>LOGDT011</logicalDatatype>
<checkConstraint>
<implementationDef dbType="Oracle Database 11g" definition="House_empty_room &gt;= 0"/>
</checkConstraint>
<ownDataTypeParameters>,,</ownDataTypeParameters>
<autoIncrementCycle>false</autoIncrementCycle>
</Column>
</columns>
<indexes itemClass="oracle.dbtools.crest.model.design.relational.Index">
<ind_PK_UK id="8D3507D5-CD4A-32EF-7090-5D739D590D67" name="Houseshare_PK">
<createdBy>admin</createdBy>
<createdTime>2019-05-01 01:15:43 UTC</createdTime>
<generatorID>B98B6B08-2D0A-8AB9-6353-24FEFC37C235</generatorID>
<ownerDesignName>FIT3171_Logical_Model</ownerDesignName>
<pk>true</pk>
<indexState>Primary Constraint</indexState>
<isSurrogateKey>false</isSurrogateKey>
<indexColumnUsage>
<colUsage columnID="FE06E317-F2CD-CB98-FF6D-B2A7A8C8AA70"/>
</indexColumnUsage>
</ind_PK_UK>
</indexes>
</Table>