<?xml version = '1.0' encoding = 'UTF-8'?>
<Table class="oracle.dbtools.crest.model.design.relational.Table" directorySegmentName="seg_0" id="1FCA5EA8-EA15-0592-BB33-B2685961F488" name="ITEM">
<createdBy>admin</createdBy>
<createdTime>2019-05-01 01:15:43 UTC</createdTime>
<generatorID>E51C8171-9A64-63DF-81A4-E5405E4601CC</generatorID>
<ownerDesignName>FIT3171_Logical_Model</ownerDesignName>
<allowColumnReorder>false</allowColumnReorder>
<existDependencyGenerateInDDl>true</existDependencyGenerateInDDl>
<parsed>true</parsed>
<columns itemClass="oracle.dbtools.crest.model.design.relational.Column">
<Column name="Item_code" id="309B32FA-9DBB-2C6E-F6B6-09B260E805FA">
<createdBy>admin</createdBy>
<createdTime>2019-05-01 01:15:43 UTC</createdTime>
<commentInRDBMS>Unique item code as primary key</commentInRDBMS>
<generatorID>233FFADA-399F-F443-F7AD-574C2CE2BEF6</generatorID>
<ownerDesignName>FIT3171_Logical_Model</ownerDesignName>
<useDomainConstraints>false</useDomainConstraints>
<use>1</use>
<logicalDatatype>LOGDT024</logicalDatatype>
<dataTypeSize>12 BYTE</dataTypeSize>
<ownDataTypeParameters>12 BYTE,,</ownDataTypeParameters>
<autoIncrementCycle>false</autoIncrementCycle>
</Column>
<Column name="Item_desc" id="BFD69DF9-7282-2188-1DCE-9538F26D8566">
<createdBy>admin</createdBy>
<createdTime>2019-05-01 01:15:43 UTC</createdTime>
<commentInRDBMS>Description of the item</commentInRDBMS>
<generatorID>50969B42-F0FE-2FDE-30FE-CBA2B7E79501</generatorID>
<ownerDesignName>FIT3171_Logical_Model</ownerDesignName>
<useDomainConstraints>false</useDomainConstraints>
<use>1</use>
<logicalDatatype>LOGDT024</logicalDatatype>
<dataTypeSize>50 BYTE</dataTypeSize>
<ownDataTypeParameters>50 BYTE,,</ownDataTypeParameters>
<autoIncrementCycle>false</autoIncrementCycle>
</Column>
<Column name="Item_stock" id="EC396AFC-2E62-1BC5-3FED-2E547417B32C">
<createdBy>admin</createdBy>
<createdTime>2019-05-01 01:15:43 UTC</createdTime>
<commentInRDBMS>Stock of item related to supplier</commentInRDBMS>
<generatorID>2D573DB6-BA08-FB10-50DE-F4F3E5B49C97</generatorID>
<ownerDesignName>FIT3171_Logical_Model</ownerDesignName>
<constraintName>chk_item_stock</constraintName>
<useDomainConstraints>false</useDomainConstraints>
<use>1</use>
<logicalDatatype>LOGDT011</logicalDatatype>
<checkConstraint>
<implementationDef dbType="Oracle Database 11g" definition="item_stock &gt;= 0"/>
</checkConstraint>
<ownDataTypeParameters>,,</ownDataTypeParameters>
<autoIncrementCycle>false</autoIncrementCycle>
</Column>
<Column name="Item_cost" id="0F048A2D-AFEA-E87A-E8A5-A7B7805DF0AA">
<createdBy>admin</createdBy>
<createdTime>2019-05-01 01:15:43 UTC</createdTime>
<commentInRDBMS>Cost of the item. This include 0</commentInRDBMS>
<generatorID>7953B6BB-141C-48F5-EC06-9A0224F89319</generatorID>
<ownerDesignName>FIT3171_Logical_Model</ownerDesignName>
<constraintName>chk_item_cost</constraintName>
<useDomainConstraints>false</useDomainConstraints>
<use>1</use>
<logicalDatatype>LOGDT043</logicalDatatype>
<dataTypePrecision>19</dataTypePrecision>
<dataTypeScale>4</dataTypeScale>
<checkConstraint>
<implementationDef dbType="Oracle Database 11g" definition="item_cost &gt;= 0"/>
</checkConstraint>
<ownDataTypeParameters>,19,4</ownDataTypeParameters>
<autoIncrementCycle>false</autoIncrementCycle>
</Column>
<Column name="Centre_code" id="AB9D814D-3D62-476E-2E9F-1403D07E5134">
<createdBy>admin</createdBy>
<createdTime>2019-05-01 01:15:43 UTC</createdTime>
<commentInRDBMS>Cost centre unique code as primary key</commentInRDBMS>
<generatorID>23676939-E078-D449-B0BD-C5F3226EDA18</generatorID>
<ownerDesignName>FIT3171_Logical_Model</ownerDesignName>
<useDomainConstraints>false</useDomainConstraints>
<use>1</use>
<logicalDatatype>LOGDT024</logicalDatatype>
<dataTypeSize>12 BYTE</dataTypeSize>
<ownDataTypeParameters>,,</ownDataTypeParameters>
<previousColumn>false</previousColumn>
<autoIncrementCycle>false</autoIncrementCycle>
<associations>
<colAssociation fkAssociation="225005B3-7EB4-CA34-DB85-76308638DB31" referredColumn="D9692306-3C87-FF54-9F43-7FF9B1D953AC"/>
</associations>
</Column>
</columns>
<indexes itemClass="oracle.dbtools.crest.model.design.relational.Index">
<ind_PK_UK id="4558D1FD-E5B1-6966-CA1D-E20E444AFA6D" name="ITEM_PK">
<createdBy>admin</createdBy>
<createdTime>2019-05-01 01:15:43 UTC</createdTime>
<generatorID>D88C79FA-5C65-42B4-1532-225217BF6922</generatorID>
<ownerDesignName>FIT3171_Logical_Model</ownerDesignName>
<pk>true</pk>
<indexState>Primary Constraint</indexState>
<isSurrogateKey>false</isSurrogateKey>
<indexColumnUsage>
<colUsage columnID="309B32FA-9DBB-2C6E-F6B6-09B260E805FA"/>
</indexColumnUsage>
</ind_PK_UK>
<ind_PK_UK id="F685C919-845B-122A-90A4-7E4786A213F2" name="COST_CENTRE_ITEM">
<createdBy>admin</createdBy>
<createdTime>2019-05-01 01:15:43 UTC</createdTime>
<generatorID>13FC0293-C127-0236-ACCD-3B34D7C2A532</generatorID>
<ownerDesignName>FIT3171_Logical_Model</ownerDesignName>
<indexState>Foreign Key</indexState>
<isSurrogateKey>false</isSurrogateKey>
<indexColumnUsage>
<colUsage columnID="AB9D814D-3D62-476E-2E9F-1403D07E5134"/>
</indexColumnUsage>
</ind_PK_UK>
</indexes>
</Table>