<?xml version = '1.0' encoding = 'UTF-8'?>
<Table class="oracle.dbtools.crest.model.design.relational.Table" directorySegmentName="seg_0" id="44BC519D-3D40-43B1-BA92-3C2250EFFE87" name="POLICE_CHECK">
<createdBy>admin</createdBy>
<createdTime>2019-05-01 01:15:43 UTC</createdTime>
<generatorID>CDF4E106-0351-C3CC-614A-671C98663D56</generatorID>
<ownerDesignName>FIT3171_Logical_Model</ownerDesignName>
<allowColumnReorder>false</allowColumnReorder>
<existDependencyGenerateInDDl>true</existDependencyGenerateInDDl>
<parsed>true</parsed>
<columns itemClass="oracle.dbtools.crest.model.design.relational.Column">
<Column name="Check_cer" id="0B3D1B00-A3F7-FC77-D2A6-C2CE5EAEC581">
<createdBy>admin</createdBy>
<createdTime>2019-05-01 01:15:43 UTC</createdTime>
<commentInRDBMS>Housekeeper police check certificate (if available)</commentInRDBMS>
<generatorID>26BEFB25-1862-D5BA-43F1-CCDFF8FE7515</generatorID>
<ownerDesignName>FIT3171_Logical_Model</ownerDesignName>
<nullsAllowed>true</nullsAllowed>
<useDomainConstraints>false</useDomainConstraints>
<use>1</use>
<logicalDatatype>LOGDT024</logicalDatatype>
<dataTypeSize>30 BYTE</dataTypeSize>
<ownDataTypeParameters>30 BYTE,,</ownDataTypeParameters>
<autoIncrementCycle>false</autoIncrementCycle>
</Column>
<Column name="Keeper_id" id="1C11D4E0-BFB6-2EA0-959F-D335F267EF4D">
<createdBy>admin</createdBy>
<createdTime>2019-05-01 01:15:43 UTC</createdTime>
<commentInRDBMS>Unique id of the house keepeer</commentInRDBMS>
<generatorID>5434B9CC-F9BF-F2C1-867C-EA1B92F5EC69</generatorID>
<ownerDesignName>FIT3171_Logical_Model</ownerDesignName>
<useDomainConstraints>false</useDomainConstraints>
<use>1</use>
<logicalDatatype>LOGDT024</logicalDatatype>
<dataTypeSize>12 BYTE</dataTypeSize>
<ownDataTypeParameters>,,</ownDataTypeParameters>
<previousColumn>false</previousColumn>
<autoIncrementCycle>false</autoIncrementCycle>
<associations>
<colAssociation fkAssociation="B90156A9-A1D4-99B5-F1B5-1C15FBF3DF41" referredColumn="B4A56B80-306E-6C52-F203-208B1D1CCA0A"/>
</associations>
</Column>
</columns>
<indexes itemClass="oracle.dbtools.crest.model.design.relational.Index">
<ind_PK_UK id="FAA6FC09-E125-4482-B232-E025350AE4AB" name="POLICE_CHECK_PK">
<createdBy>admin</createdBy>
<createdTime>2019-05-01 01:15:43 UTC</createdTime>
<generatorID>98003C77-9EF2-BF40-F11A-0B9835FD8A75</generatorID>
<ownerDesignName>FIT3171_Logical_Model</ownerDesignName>
<pk>true</pk>
<indexState>Primary Constraint</indexState>
<isSurrogateKey>false</isSurrogateKey>
<indexColumnUsage>
<colUsage columnID="1C11D4E0-BFB6-2EA0-959F-D335F267EF4D"/>
</indexColumnUsage>
</ind_PK_UK>
<ind_PK_UK id="59F3D316-3A87-8336-41B3-2F5C82077C3B" name="HOUSEKEEPER_POLICE_CHECK">
<createdBy>admin</createdBy>
<createdTime>2019-05-01 01:15:43 UTC</createdTime>
<generatorID>89EA4C97-314A-B208-F6EE-159FCB54340C</generatorID>
<ownerDesignName>FIT3171_Logical_Model</ownerDesignName>
<indexState>Foreign Key</indexState>
<isSurrogateKey>false</isSurrogateKey>
<indexColumnUsage>
<colUsage columnID="1C11D4E0-BFB6-2EA0-959F-D335F267EF4D"/>
</indexColumnUsage>
</ind_PK_UK>
</indexes>
</Table>