<?xml version = '1.0' encoding = 'UTF-8'?>
<Table class="oracle.dbtools.crest.model.design.relational.Table" directorySegmentName="seg_0" id="4ADBC947-C485-3505-3D7E-9CA37860B3C3" name="CHARGE">
<createdBy>admin</createdBy>
<createdTime>2019-05-01 01:15:43 UTC</createdTime>
<generatorID>9A1578AB-1DFC-3BBF-CA4B-D628B92C222C</generatorID>
<ownerDesignName>FIT3171_Logical_Model</ownerDesignName>
<allowColumnReorder>false</allowColumnReorder>
<existDependencyGenerateInDDl>true</existDependencyGenerateInDDl>
<parsed>true</parsed>
<columns itemClass="oracle.dbtools.crest.model.design.relational.Column">
<Column name="Charge_rate" id="C9BAF3B4-2EBE-FB17-6927-4DF6B5D020C9">
<createdBy>admin</createdBy>
<createdTime>2019-05-01 01:15:43 UTC</createdTime>
<commentInRDBMS>Activity charge may change depends on date and time of the activity (Holiday may charge extra)</commentInRDBMS>
<generatorID>D3F9A0B7-C24E-849E-5D87-407E6DE179F0</generatorID>
<ownerDesignName>FIT3171_Logical_Model</ownerDesignName>
<constraintName>chk_charge_rate</constraintName>
<nullsAllowed>true</nullsAllowed>
<useDomainConstraints>false</useDomainConstraints>
<use>1</use>
<logicalDatatype>LOGDT026</logicalDatatype>
<dataTypePrecision>10</dataTypePrecision>
<dataTypeScale>4</dataTypeScale>
<checkConstraint>
<implementationDef dbType="Oracle Database 11g" definition="charge_rate &gt; 0"/>
</checkConstraint>
<ownDataTypeParameters>,10,4</ownDataTypeParameters>
<autoIncrementCycle>false</autoIncrementCycle>
</Column>
<Column name="Charge_time" id="B535B7FF-153F-B64A-CFC0-1F9CD24432EA">
<createdBy>admin</createdBy>
<createdTime>2019-05-01 01:15:43 UTC</createdTime>
<commentInRDBMS>Charge time is decided based on activity finish time</commentInRDBMS>
<generatorID>533DD56D-D69D-D8D5-1D87-55A3AECD53A3</generatorID>
<ownerDesignName>FIT3171_Logical_Model</ownerDesignName>
<useDomainConstraints>false</useDomainConstraints>
<use>1</use>
<logicalDatatype>LOGDT015</logicalDatatype>
<dataTypePrecision>0</dataTypePrecision>
<ownDataTypeParameters>,0,</ownDataTypeParameters>
<autoIncrementCycle>false</autoIncrementCycle>
</Column>
<Column name="Customer_id" id="82A3FC60-FDF1-E9EF-EC0E-3DCEF6D76BC4">
<createdBy>admin</createdBy>
<createdTime>2019-05-01 01:15:43 UTC</createdTime>
<commentInRDBMS>Customer unique id, as the primary key</commentInRDBMS>
<generatorID>61E4502F-4423-914A-9F74-B36A5F9446C3</generatorID>
<ownerDesignName>FIT3171_Logical_Model</ownerDesignName>
<useDomainConstraints>false</useDomainConstraints>
<use>1</use>
<logicalDatatype>LOGDT024</logicalDatatype>
<dataTypeSize>6 CHAR</dataTypeSize>
<ownDataTypeParameters>,,</ownDataTypeParameters>
<previousColumn>false</previousColumn>
<autoIncrementCycle>false</autoIncrementCycle>
<associations>
<colAssociation fkAssociation="3B368F75-4DE1-E090-E654-BDDAD0E37BBE" referredColumn="E81EB0AB-C643-D865-FA1D-494914798A9E"/>
</associations>
</Column>
<Column name="Activity_code" id="418ADABB-4C33-A28A-5800-24FAE1BCFD27">
<createdBy>admin</createdBy>
<createdTime>2019-05-01 01:15:43 UTC</createdTime>
<commentInRDBMS>Activity code as primary key</commentInRDBMS>
<generatorID>9D84F29E-5044-E375-6204-27247B9FBAA6</generatorID>
<ownerDesignName>FIT3171_Logical_Model</ownerDesignName>
<useDomainConstraints>false</useDomainConstraints>
<use>1</use>
<logicalDatatype>LOGDT024</logicalDatatype>
<dataTypeSize>12 BYTE</dataTypeSize>
<ownDataTypeParameters>,,</ownDataTypeParameters>
<previousColumn>false</previousColumn>
<autoIncrementCycle>false</autoIncrementCycle>
<associations>
<colAssociation fkAssociation="40080ED9-A80E-4BBD-F321-69520C38E7C8" referredColumn="7AF1594B-D5F7-4834-D713-69C308676380"/>
</associations>
</Column>
<Column name="Item_code" id="0D72460A-F550-215F-FE65-72172651E2AA">
<createdBy>admin</createdBy>
<createdTime>2019-05-01 01:15:43 UTC</createdTime>
<commentInRDBMS>Unique item code as primary key</commentInRDBMS>
<generatorID>0FC5356F-8DB8-98A3-0D4E-A18F5639220D</generatorID>
<ownerDesignName>FIT3171_Logical_Model</ownerDesignName>
<useDomainConstraints>false</useDomainConstraints>
<use>1</use>
<logicalDatatype>LOGDT024</logicalDatatype>
<dataTypeSize>12 BYTE</dataTypeSize>
<ownDataTypeParameters>,,</ownDataTypeParameters>
<previousColumn>false</previousColumn>
<autoIncrementCycle>false</autoIncrementCycle>
<associations>
<colAssociation fkAssociation="67BA6865-505A-1086-9B55-60186EDC1FE5" referredColumn="309B32FA-9DBB-2C6E-F6B6-09B260E805FA"/>
</associations>
</Column>
</columns>
<indexes itemClass="oracle.dbtools.crest.model.design.relational.Index">
<ind_PK_UK id="DBD7CFD0-1585-C231-997E-22FF96255C71" name="CHARGE_PK">
<createdBy>admin</createdBy>
<createdTime>2019-05-01 01:15:43 UTC</createdTime>
<generatorID>B16524DD-C4B8-AD39-F962-92E8FB8B7811</generatorID>
<ownerDesignName>FIT3171_Logical_Model</ownerDesignName>
<pk>true</pk>
<indexState>Primary Constraint</indexState>
<isSurrogateKey>false</isSurrogateKey>
<indexColumnUsage>
<colUsage columnID="82A3FC60-FDF1-E9EF-EC0E-3DCEF6D76BC4"/>
<colUsage columnID="B535B7FF-153F-B64A-CFC0-1F9CD24432EA"/>
</indexColumnUsage>
</ind_PK_UK>
<ind_PK_UK id="34AE6A7F-ABC1-BE6D-6C5B-D6211C86EBEC" name="ACTIVITY_CHARGE">
<createdBy>admin</createdBy>
<createdTime>2019-05-01 01:15:43 UTC</createdTime>
<generatorID>8D941F8C-CB01-7888-4E96-A895CF3DF9F2</generatorID>
<ownerDesignName>FIT3171_Logical_Model</ownerDesignName>
<indexState>Foreign Key</indexState>
<isSurrogateKey>false</isSurrogateKey>
<indexColumnUsage>
<colUsage columnID="418ADABB-4C33-A28A-5800-24FAE1BCFD27"/>
</indexColumnUsage>
</ind_PK_UK>
<ind_PK_UK id="5DD8F543-5A83-2085-0E9E-138B2BB253EA" name="CUSTOMER_ACTIVITY_CHARGE">
<createdBy>admin</createdBy>
<createdTime>2019-05-01 01:15:43 UTC</createdTime>
<generatorID>5C895A1F-AAD3-6C17-AC82-CC3C2010A1C5</generatorID>
<ownerDesignName>FIT3171_Logical_Model</ownerDesignName>
<indexState>Foreign Key</indexState>
<isSurrogateKey>false</isSurrogateKey>
<indexColumnUsage>
<colUsage columnID="82A3FC60-FDF1-E9EF-EC0E-3DCEF6D76BC4"/>
</indexColumnUsage>
</ind_PK_UK>
<ind_PK_UK id="ADC77C46-EEC2-D53A-380F-081523BE26C1" name="ITEM_CHARGE">
<createdBy>admin</createdBy>
<createdTime>2019-05-01 01:15:43 UTC</createdTime>
<generatorID>878E944A-67F5-B357-E2EE-B00E416E0C2E</generatorID>
<ownerDesignName>FIT3171_Logical_Model</ownerDesignName>
<indexState>Foreign Key</indexState>
<isSurrogateKey>false</isSurrogateKey>
<indexColumnUsage>
<colUsage columnID="0D72460A-F550-215F-FE65-72172651E2AA"/>
</indexColumnUsage>
</ind_PK_UK>
</indexes>
</Table>