<?xml version = '1.0' encoding = 'UTF-8'?>
<Table class="oracle.dbtools.crest.model.design.relational.Table" directorySegmentName="seg_0" id="6A335EA5-5891-7190-7385-4D1B5C3A7F99" name="PRESCRIPTION">
<createdBy>admin</createdBy>
<createdTime>2019-05-01 01:15:43 UTC</createdTime>
<generatorID>D979F1A3-565F-398B-E222-D5326C5B49F5</generatorID>
<ownerDesignName>FIT3171_Logical_Model</ownerDesignName>
<allowColumnReorder>false</allowColumnReorder>
<existDependencyGenerateInDDl>true</existDependencyGenerateInDDl>
<parsed>true</parsed>
<columns itemClass="oracle.dbtools.crest.model.design.relational.Column">
<Column name="Prescribe_time" id="88C1318D-5510-347A-1EDC-54EBB1ED3898">
<createdBy>admin</createdBy>
<createdTime>2019-05-01 01:15:43 UTC</createdTime>
<commentInRDBMS>The time that tour guide prescribe an activity to a customer</commentInRDBMS>
<generatorID>42C4E69E-39B3-C64B-7DC2-B5D91EE3FFB4</generatorID>
<ownerDesignName>FIT3171_Logical_Model</ownerDesignName>
<useDomainConstraints>false</useDomainConstraints>
<use>1</use>
<logicalDatatype>LOGDT015</logicalDatatype>
<dataTypePrecision>0</dataTypePrecision>
<ownDataTypeParameters>,0,</ownDataTypeParameters>
<autoIncrementCycle>false</autoIncrementCycle>
</Column>
<Column name="Book_time" id="135FCE34-3B42-AB97-8C6D-CB4049CBF2FA">
<createdBy>admin</createdBy>
<createdTime>2019-05-01 01:15:43 UTC</createdTime>
<commentInRDBMS>Customers booking time, serves as primary key</commentInRDBMS>
<generatorID>7877EA7C-736A-E443-A7B9-E0D00478C75F</generatorID>
<ownerDesignName>FIT3171_Logical_Model</ownerDesignName>
<useDomainConstraints>false</useDomainConstraints>
<use>1</use>
<logicalDatatype>LOGDT015</logicalDatatype>
<dataTypePrecision>0</dataTypePrecision>
<ownDataTypeParameters>,,</ownDataTypeParameters>
<previousColumn>false</previousColumn>
<autoIncrementCycle>false</autoIncrementCycle>
<associations>
<colAssociation fkAssociation="73C5BE01-4022-0073-549D-4C5E2154F554" referredColumn="BAFFD268-BEA5-1372-2592-8B766FA11AB0"/>
</associations>
</Column>
<Column name="Customer_id" id="9334FCF0-9B75-5730-BF5D-C88963C6D3DB">
<createdBy>admin</createdBy>
<createdTime>2019-05-01 01:15:43 UTC</createdTime>
<commentInRDBMS>Customer unique id, as the primary key</commentInRDBMS>
<generatorID>10A37D94-6CB3-0090-2900-DAC886EDACA4</generatorID>
<ownerDesignName>FIT3171_Logical_Model</ownerDesignName>
<useDomainConstraints>false</useDomainConstraints>
<use>1</use>
<logicalDatatype>LOGDT024</logicalDatatype>
<dataTypeSize>6 CHAR</dataTypeSize>
<ownDataTypeParameters>,,</ownDataTypeParameters>
<previousColumn>false</previousColumn>
<autoIncrementCycle>false</autoIncrementCycle>
<associations>
<colAssociation fkAssociation="73C5BE01-4022-0073-549D-4C5E2154F554" referredColumn="3D4D1968-2849-97AC-152D-05DFBDC51896"/>
</associations>
</Column>
<Column name="Tour_guide_id" id="3E9F13AA-4338-EF85-4C78-88E42157C2CB">
<createdBy>admin</createdBy>
<createdTime>2019-05-01 01:15:43 UTC</createdTime>
<commentInRDBMS>unique id of tour guide</commentInRDBMS>
<generatorID>3CCA2003-9664-0198-D1E6-516C6DD20574</generatorID>
<ownerDesignName>FIT3171_Logical_Model</ownerDesignName>
<useDomainConstraints>false</useDomainConstraints>
<use>1</use>
<logicalDatatype>LOGDT024</logicalDatatype>
<dataTypeSize>12 BYTE</dataTypeSize>
<ownDataTypeParameters>,,</ownDataTypeParameters>
<previousColumn>false</previousColumn>
<autoIncrementCycle>false</autoIncrementCycle>
<associations>
<colAssociation fkAssociation="7E54543B-CFF8-2E98-B891-4827ECAE9D29" referredColumn="7330820A-3B52-BB3D-1DA0-DA98B30F11FE"/>
</associations>
</Column>
<Column name="Activity_code" id="A01A4EA0-1941-F2CF-7E45-9DA3609640BC">
<createdBy>admin</createdBy>
<createdTime>2019-05-01 01:15:43 UTC</createdTime>
<commentInRDBMS>Activity code as primary key</commentInRDBMS>
<generatorID>2FEFDD8F-5BEA-1014-5BEA-6455D680854F</generatorID>
<ownerDesignName>FIT3171_Logical_Model</ownerDesignName>
<useDomainConstraints>false</useDomainConstraints>
<use>1</use>
<logicalDatatype>LOGDT024</logicalDatatype>
<dataTypeSize>12 BYTE</dataTypeSize>
<ownDataTypeParameters>,,</ownDataTypeParameters>
<previousColumn>false</previousColumn>
<autoIncrementCycle>false</autoIncrementCycle>
<associations>
<colAssociation fkAssociation="AC019914-6070-7FA9-A93E-66A49866E550" referredColumn="7AF1594B-D5F7-4834-D713-69C308676380"/>
</associations>
</Column>
</columns>
<indexes itemClass="oracle.dbtools.crest.model.design.relational.Index">
<ind_PK_UK id="5407CBFB-3010-D45B-4BCC-C71C55AD2DCA" name="PRESCRIPTION_PK">
<createdBy>admin</createdBy>
<createdTime>2019-05-01 01:15:43 UTC</createdTime>
<generatorID>F4C2BABA-2DB8-3136-936C-250A515C7059</generatorID>
<ownerDesignName>FIT3171_Logical_Model</ownerDesignName>
<pk>true</pk>
<indexState>Primary Constraint</indexState>
<isSurrogateKey>false</isSurrogateKey>
<indexColumnUsage>
<colUsage columnID="9334FCF0-9B75-5730-BF5D-C88963C6D3DB"/>
<colUsage columnID="A01A4EA0-1941-F2CF-7E45-9DA3609640BC"/>
<colUsage columnID="88C1318D-5510-347A-1EDC-54EBB1ED3898"/>
</indexColumnUsage>
</ind_PK_UK>
<ind_PK_UK id="42B3A51B-BBDC-9CAE-33EF-B8BAA4B4AAAF" name="ACTIVITY_PRESCRIPTION">
<createdBy>admin</createdBy>
<createdTime>2019-05-01 01:15:43 UTC</createdTime>
<generatorID>48DC4630-6CBB-8E69-23FB-A29CDF038741</generatorID>
<ownerDesignName>FIT3171_Logical_Model</ownerDesignName>
<indexState>Foreign Key</indexState>
<isSurrogateKey>false</isSurrogateKey>
<indexColumnUsage>
<colUsage columnID="A01A4EA0-1941-F2CF-7E45-9DA3609640BC"/>
</indexColumnUsage>
</ind_PK_UK>
<ind_PK_UK id="7C528814-DEFA-F8A9-28D1-8784A659F74B" name="BOOKING_PRESCRIPTION">
<createdBy>admin</createdBy>
<createdTime>2019-05-01 01:15:43 UTC</createdTime>
<generatorID>FCC5CD4C-EB42-A5D2-6F95-A66CDB017D90</generatorID>
<ownerDesignName>FIT3171_Logical_Model</ownerDesignName>
<indexState>Foreign Key</indexState>
<isSurrogateKey>false</isSurrogateKey>
<indexColumnUsage>
<colUsage columnID="135FCE34-3B42-AB97-8C6D-CB4049CBF2FA"/>
<colUsage columnID="9334FCF0-9B75-5730-BF5D-C88963C6D3DB"/>
</indexColumnUsage>
</ind_PK_UK>
<ind_PK_UK id="4BB44A49-CD40-9277-7691-3317C118990C" name="TOUR_GUIDE_PRESCRIPTION">
<createdBy>admin</createdBy>
<createdTime>2019-05-01 01:15:43 UTC</createdTime>
<generatorID>467EFB17-5DCD-8BBB-5C31-D1EF494F526D</generatorID>
<ownerDesignName>FIT3171_Logical_Model</ownerDesignName>
<indexState>Foreign Key</indexState>
<isSurrogateKey>false</isSurrogateKey>
<indexColumnUsage>
<colUsage columnID="3E9F13AA-4338-EF85-4C78-88E42157C2CB"/>
</indexColumnUsage>
</ind_PK_UK>
</indexes>
</Table>