<?xml version = '1.0' encoding = 'UTF-8'?>
<Table class="oracle.dbtools.crest.model.design.relational.Table" directorySegmentName="seg_0" id="A0901A93-2B7F-87C7-FDD4-5D7F9BF6A99E" name="HOUSEKEEPER_ASSIGNMENT">
<createdBy>admin</createdBy>
<createdTime>2019-05-01 01:15:43 UTC</createdTime>
<generatorID>634236A0-1051-E9B4-E6A6-D266734D96BC</generatorID>
<ownerDesignName>FIT3171_Logical_Model</ownerDesignName>
<allowColumnReorder>false</allowColumnReorder>
<existDependencyGenerateInDDl>true</existDependencyGenerateInDDl>
<parsed>true</parsed>
<columns itemClass="oracle.dbtools.crest.model.design.relational.Column">
<Column name="Assign_date" id="BA9207D0-82D7-4A3E-7832-8B1FA053315C">
<createdBy>admin</createdBy>
<createdTime>2019-05-01 01:15:43 UTC</createdTime>
<commentInRDBMS>Assign date of the house keeper</commentInRDBMS>
<generatorID>0567F2AF-9DE5-15E3-8763-D6BB6BD54A8D</generatorID>
<ownerDesignName>FIT3171_Logical_Model</ownerDesignName>
<useDomainConstraints>false</useDomainConstraints>
<use>1</use>
<logicalDatatype>LOGDT007</logicalDatatype>
<ownDataTypeParameters>,,</ownDataTypeParameters>
<autoIncrementCycle>false</autoIncrementCycle>
</Column>
<Column name="Assign_fdate" id="6DEB4CE2-FE43-510E-778D-A761776557FD">
<createdBy>admin</createdBy>
<createdTime>2019-05-01 01:15:43 UTC</createdTime>
<commentInRDBMS>Finish date of the housekeeper</commentInRDBMS>
<generatorID>B90263F1-7936-A9C8-AB16-FA27BDBF1EDE</generatorID>
<ownerDesignName>FIT3171_Logical_Model</ownerDesignName>
<nullsAllowed>true</nullsAllowed>
<useDomainConstraints>false</useDomainConstraints>
<use>1</use>
<logicalDatatype>LOGDT007</logicalDatatype>
<ownDataTypeParameters>,,</ownDataTypeParameters>
<autoIncrementCycle>false</autoIncrementCycle>
</Column>
<Column name="Houseshare_code" id="60888D55-BD7A-11B8-C3A0-A7D114F0AE38">
<createdBy>admin</createdBy>
<createdTime>2019-05-01 01:15:43 UTC</createdTime>
<commentInRDBMS>Unique code of houseshare</commentInRDBMS>
<generatorID>DD20D015-93BC-7460-2233-F770269CF306</generatorID>
<ownerDesignName>FIT3171_Logical_Model</ownerDesignName>
<useDomainConstraints>false</useDomainConstraints>
<use>1</use>
<logicalDatatype>LOGDT024</logicalDatatype>
<dataTypeSize>12 BYTE</dataTypeSize>
<ownDataTypeParameters>,,</ownDataTypeParameters>
<previousColumn>false</previousColumn>
<autoIncrementCycle>false</autoIncrementCycle>
<associations>
<colAssociation fkAssociation="F2F70472-9396-1164-9995-EC12C30A9E3A" referredColumn="FE06E317-F2CD-CB98-FF6D-B2A7A8C8AA70"/>
</associations>
</Column>
<Column name="Keeper_id" id="26BF18D7-B546-F93A-40FA-19BEFCD88CF0">
<createdBy>admin</createdBy>
<createdTime>2019-05-01 01:15:43 UTC</createdTime>
<commentInRDBMS>Unique id of the house keepeer</commentInRDBMS>
<generatorID>688833C2-9DE6-BE09-CB4C-9401B683CD64</generatorID>
<ownerDesignName>FIT3171_Logical_Model</ownerDesignName>
<useDomainConstraints>false</useDomainConstraints>
<use>1</use>
<logicalDatatype>LOGDT024</logicalDatatype>
<dataTypeSize>12 BYTE</dataTypeSize>
<ownDataTypeParameters>,,</ownDataTypeParameters>
<previousColumn>false</previousColumn>
<autoIncrementCycle>false</autoIncrementCycle>
<associations>
<colAssociation fkAssociation="F5ABA589-7D26-FA4F-45DC-AB1E783F882C" referredColumn="B4A56B80-306E-6C52-F203-208B1D1CCA0A"/>
</associations>
</Column>
</columns>
<indexes itemClass="oracle.dbtools.crest.model.design.relational.Index">
<ind_PK_UK id="C3B7EB7B-9F97-4E08-54D5-ACF10E05C892" name="HOUSEKEEPER_ASSIGNMENT_PK">
<createdBy>admin</createdBy>
<createdTime>2019-05-01 01:15:43 UTC</createdTime>
<generatorID>042FF181-CBF7-9523-A37C-5E935D05F0E1</generatorID>
<ownerDesignName>FIT3171_Logical_Model</ownerDesignName>
<pk>true</pk>
<indexState>Primary Constraint</indexState>
<isSurrogateKey>false</isSurrogateKey>
<indexColumnUsage>
<colUsage columnID="BA9207D0-82D7-4A3E-7832-8B1FA053315C"/>
<colUsage columnID="26BF18D7-B546-F93A-40FA-19BEFCD88CF0"/>
</indexColumnUsage>
</ind_PK_UK>
<ind_PK_UK id="EB0697FA-B312-D608-BA1D-FF52E4E4BD17" name="HOUSEKEEPER_ASSIGNMENT">
<createdBy>admin</createdBy>
<createdTime>2019-05-01 01:15:43 UTC</createdTime>
<generatorID>03E75367-255A-2489-517D-171A7F1C1E2D</generatorID>
<ownerDesignName>FIT3171_Logical_Model</ownerDesignName>
<indexState>Foreign Key</indexState>
<isSurrogateKey>false</isSurrogateKey>
<indexColumnUsage>
<colUsage columnID="26BF18D7-B546-F93A-40FA-19BEFCD88CF0"/>
</indexColumnUsage>
</ind_PK_UK>
<ind_PK_UK id="2E11D810-55E6-C684-5A9D-6C71B787C149" name="HOUSESHARE_ASSIGNMENT">
<createdBy>admin</createdBy>
<createdTime>2019-05-01 01:15:43 UTC</createdTime>
<generatorID>4FB7FAFA-D5A9-ECF2-E0D9-7A7B809EC53D</generatorID>
<ownerDesignName>FIT3171_Logical_Model</ownerDesignName>
<indexState>Foreign Key</indexState>
<isSurrogateKey>false</isSurrogateKey>
<indexColumnUsage>
<colUsage columnID="60888D55-BD7A-11B8-C3A0-A7D114F0AE38"/>
</indexColumnUsage>
</ind_PK_UK>
</indexes>
</Table>