<?xml version = '1.0' encoding = 'UTF-8'?>
<Table class="oracle.dbtools.crest.model.design.relational.Table" directorySegmentName="seg_0" id="B3C02A98-F064-97B4-1B5F-4C69FA169A15" name="ROOM">
<createdBy>admin</createdBy>
<createdTime>2019-05-01 01:15:43 UTC</createdTime>
<generatorID>4F9C0948-864B-5533-AAF3-C27F4ADC6A01</generatorID>
<ownerDesignName>FIT3171_Logical_Model</ownerDesignName>
<allowColumnReorder>false</allowColumnReorder>
<existDependencyGenerateInDDl>true</existDependencyGenerateInDDl>
<parsed>true</parsed>
<columns itemClass="oracle.dbtools.crest.model.design.relational.Column">
<Column name="Room_number" id="58208A86-72CF-9F95-A50C-A9775265B262">
<createdBy>admin</createdBy>
<createdTime>2019-05-01 01:15:43 UTC</createdTime>
<commentInRDBMS>Room number as primary key</commentInRDBMS>
<generatorID>08CABEF6-C49F-79BA-0E05-DC70DD63596C</generatorID>
<ownerDesignName>FIT3171_Logical_Model</ownerDesignName>
<constraintName>chk_Room_number</constraintName>
<useDomainConstraints>false</useDomainConstraints>
<use>1</use>
<logicalDatatype>LOGDT011</logicalDatatype>
<checkConstraint>
<implementationDef dbType="Oracle Database 11g" definition="Room_number &gt;= 0"/>
</checkConstraint>
<ownDataTypeParameters>,,</ownDataTypeParameters>
<autoIncrementCycle>false</autoIncrementCycle>
</Column>
<Column name="Room_type" id="E5BEB32C-3F14-CE52-EE73-7480E9A0A941">
<createdBy>admin</createdBy>
<createdTime>2019-05-01 01:15:43 UTC</createdTime>
<commentInRDBMS>Room type: O for open-plan, F for fixed</commentInRDBMS>
<generatorID>37BC8BC0-8AE2-7385-D037-FA11E1CB5B53</generatorID>
<ownerDesignName>FIT3171_Logical_Model</ownerDesignName>
<useDomainConstraints>false</useDomainConstraints>
<use>1</use>
<logicalDatatype>LOGDT025</logicalDatatype>
<dataTypeSize>1 CHAR</dataTypeSize>
<ownDataTypeParameters>1 CHAR,,</ownDataTypeParameters>
<autoIncrementCycle>false</autoIncrementCycle>
</Column>
<Column name="Houseshare_code" id="C706E30B-2EFF-EBBC-ECEB-408C30972A74">
<createdBy>admin</createdBy>
<createdTime>2019-05-01 01:15:43 UTC</createdTime>
<commentInRDBMS>Unique code of houseshare</commentInRDBMS>
<generatorID>FD1DAB29-87A9-ADAC-3326-8F2C8E9849EA</generatorID>
<ownerDesignName>FIT3171_Logical_Model</ownerDesignName>
<useDomainConstraints>false</useDomainConstraints>
<use>1</use>
<logicalDatatype>LOGDT024</logicalDatatype>
<dataTypeSize>12 BYTE</dataTypeSize>
<ownDataTypeParameters>,,</ownDataTypeParameters>
<previousColumn>false</previousColumn>
<autoIncrementCycle>false</autoIncrementCycle>
<associations>
<colAssociation fkAssociation="5C90534C-4FB4-8E27-CDA0-AB11F5A6E8EC" referredColumn="FE06E317-F2CD-CB98-FF6D-B2A7A8C8AA70"/>
</associations>
</Column>
</columns>
<indexes itemClass="oracle.dbtools.crest.model.design.relational.Index">
<ind_PK_UK id="A85C6494-9AAF-6484-BD52-42A74E12AC43" name="ROOM_PK">
<createdBy>admin</createdBy>
<createdTime>2019-05-01 01:15:43 UTC</createdTime>
<generatorID>DD84EEDC-52C7-3171-8B96-7AA67E508F3A</generatorID>
<ownerDesignName>FIT3171_Logical_Model</ownerDesignName>
<pk>true</pk>
<indexState>Primary Constraint</indexState>
<isSurrogateKey>false</isSurrogateKey>
<indexColumnUsage>
<colUsage columnID="58208A86-72CF-9F95-A50C-A9775265B262"/>
<colUsage columnID="C706E30B-2EFF-EBBC-ECEB-408C30972A74"/>
</indexColumnUsage>
</ind_PK_UK>
<ind_PK_UK id="4C469813-3669-DB08-EEF0-F2728B20D4CD" name="HOUSESHARE_ROOM">
<createdBy>admin</createdBy>
<createdTime>2019-05-01 01:15:43 UTC</createdTime>
<generatorID>20F6C8F4-015B-57BB-A0F6-2F0E8D991AF9</generatorID>
<ownerDesignName>FIT3171_Logical_Model</ownerDesignName>
<indexState>Foreign Key</indexState>
<isSurrogateKey>false</isSurrogateKey>
<indexColumnUsage>
<colUsage columnID="C706E30B-2EFF-EBBC-ECEB-408C30972A74"/>
</indexColumnUsage>
</ind_PK_UK>
</indexes>
</Table>