<?xml version = '1.0' encoding = 'UTF-8'?>
<Table class="oracle.dbtools.crest.model.design.relational.Table" directorySegmentName="seg_0" id="D2D7B7BC-AB75-9D75-82A7-63A27C210B41" name="BOOKING">
<createdBy>admin</createdBy>
<createdTime>2019-05-01 01:15:43 UTC</createdTime>
<generatorID>F1C4179D-29C8-B00E-5A73-05CD59C1022A</generatorID>
<ownerDesignName>FIT3171_Logical_Model</ownerDesignName>
<allowColumnReorder>false</allowColumnReorder>
<existDependencyGenerateInDDl>true</existDependencyGenerateInDDl>
<parsed>true</parsed>
<columns itemClass="oracle.dbtools.crest.model.design.relational.Column">
<Column name="Book_time" id="BAFFD268-BEA5-1372-2592-8B766FA11AB0">
<createdBy>admin</createdBy>
<createdTime>2019-05-01 01:15:43 UTC</createdTime>
<commentInRDBMS>Customers booking time, serves as primary key</commentInRDBMS>
<generatorID>71A724E9-C486-4AF7-2C86-1E0E65DE0A3F</generatorID>
<ownerDesignName>FIT3171_Logical_Model</ownerDesignName>
<useDomainConstraints>false</useDomainConstraints>
<use>1</use>
<logicalDatatype>LOGDT015</logicalDatatype>
<dataTypePrecision>0</dataTypePrecision>
<ownDataTypeParameters>,0,</ownDataTypeParameters>
<autoIncrementCycle>false</autoIncrementCycle>
</Column>
<Column name="Depart_time" id="FCBBF32E-335C-D0DD-5350-F11CC1CFC0E7">
<createdBy>admin</createdBy>
<createdTime>2019-05-01 01:15:43 UTC</createdTime>
<commentInRDBMS>Check out time of the customer</commentInRDBMS>
<generatorID>A5C11A46-BC3E-A0B1-5246-D5733F5B7C9B</generatorID>
<ownerDesignName>FIT3171_Logical_Model</ownerDesignName>
<nullsAllowed>true</nullsAllowed>
<useDomainConstraints>false</useDomainConstraints>
<use>1</use>
<logicalDatatype>LOGDT015</logicalDatatype>
<dataTypePrecision>0</dataTypePrecision>
<ownDataTypeParameters>,0,</ownDataTypeParameters>
<autoIncrementCycle>false</autoIncrementCycle>
</Column>
<Column name="Tour_guide_id" id="C120F172-C8A1-6ACD-6BF1-8C9BA1DABA56">
<createdBy>admin</createdBy>
<createdTime>2019-05-01 01:15:43 UTC</createdTime>
<commentInRDBMS>unique id of tour guide</commentInRDBMS>
<generatorID>A9E783A2-1938-AAAA-58D3-FB2309EC88DA</generatorID>
<ownerDesignName>FIT3171_Logical_Model</ownerDesignName>
<useDomainConstraints>false</useDomainConstraints>
<use>1</use>
<logicalDatatype>LOGDT024</logicalDatatype>
<dataTypeSize>12 BYTE</dataTypeSize>
<ownDataTypeParameters>,,</ownDataTypeParameters>
<previousColumn>false</previousColumn>
<autoIncrementCycle>false</autoIncrementCycle>
<associations>
<colAssociation fkAssociation="312884F8-CBAF-5115-FD4F-395AADD82557" referredColumn="7330820A-3B52-BB3D-1DA0-DA98B30F11FE"/>
</associations>
</Column>
<Column name="Customer_id" id="3D4D1968-2849-97AC-152D-05DFBDC51896">
<createdBy>admin</createdBy>
<createdTime>2019-05-01 01:15:43 UTC</createdTime>
<commentInRDBMS>Customer unique id, as the primary key</commentInRDBMS>
<generatorID>126BD4AF-55CA-A328-DABD-A15E5B7F49D8</generatorID>
<ownerDesignName>FIT3171_Logical_Model</ownerDesignName>
<useDomainConstraints>false</useDomainConstraints>
<use>1</use>
<logicalDatatype>LOGDT024</logicalDatatype>
<dataTypeSize>6 CHAR</dataTypeSize>
<ownDataTypeParameters>,,</ownDataTypeParameters>
<previousColumn>false</previousColumn>
<autoIncrementCycle>false</autoIncrementCycle>
<associations>
<colAssociation fkAssociation="0FF76DFD-DAD9-7562-0D5F-67538780283B" referredColumn="E81EB0AB-C643-D865-FA1D-494914798A9E"/>
</associations>
</Column>
</columns>
<indexes itemClass="oracle.dbtools.crest.model.design.relational.Index">
<ind_PK_UK id="9594E94A-D544-7338-3E43-FA0217392F8F" name="BOOKING_PK">
<createdBy>admin</createdBy>
<createdTime>2019-05-01 01:15:43 UTC</createdTime>
<generatorID>217A6FD2-67DB-C900-4BD3-B7888AF1052F</generatorID>
<ownerDesignName>FIT3171_Logical_Model</ownerDesignName>
<pk>true</pk>
<indexState>Primary Constraint</indexState>
<isSurrogateKey>false</isSurrogateKey>
<indexColumnUsage>
<colUsage columnID="BAFFD268-BEA5-1372-2592-8B766FA11AB0"/>
<colUsage columnID="3D4D1968-2849-97AC-152D-05DFBDC51896"/>
</indexColumnUsage>
</ind_PK_UK>
<ind_PK_UK id="82258CE0-8553-9A09-66A4-006818170042" name="CUSTOMER_BOOKING">
<createdBy>admin</createdBy>
<createdTime>2019-05-01 01:15:43 UTC</createdTime>
<generatorID>7F789710-BC79-3F7B-CDAA-16EBD8097D07</generatorID>
<ownerDesignName>FIT3171_Logical_Model</ownerDesignName>
<indexState>Foreign Key</indexState>
<isSurrogateKey>false</isSurrogateKey>
<indexColumnUsage>
<colUsage columnID="3D4D1968-2849-97AC-152D-05DFBDC51896"/>
</indexColumnUsage>
</ind_PK_UK>
<ind_PK_UK id="10233FB8-52CC-591F-72DF-EC3AF0419B7C" name="TOUR_GUIDE_BOOKING">
<createdBy>admin</createdBy>
<createdTime>2019-05-01 01:15:43 UTC</createdTime>
<generatorID>C6C7505D-D98A-13A9-C412-ED197F5AF84D</generatorID>
<ownerDesignName>FIT3171_Logical_Model</ownerDesignName>
<indexState>Foreign Key</indexState>
<isSurrogateKey>false</isSurrogateKey>
<indexColumnUsage>
<colUsage columnID="C120F172-C8A1-6ACD-6BF1-8C9BA1DABA56"/>
</indexColumnUsage>
</ind_PK_UK>
</indexes>
</Table>