<?xml version = '1.0' encoding = 'UTF-8'?>
<Table class="oracle.dbtools.crest.model.design.relational.Table" directorySegmentName="seg_0" id="D57C37A3-D185-E003-40B6-6080C783A4ED" name="ACTIVITY">
<createdBy>admin</createdBy>
<createdTime>2019-05-01 01:15:43 UTC</createdTime>
<generatorID>D215B648-A373-8D0F-22D0-F57B5070ECEE</generatorID>
<ownerDesignName>FIT3171_Logical_Model</ownerDesignName>
<allowColumnReorder>false</allowColumnReorder>
<existDependencyGenerateInDDl>true</existDependencyGenerateInDDl>
<parsed>true</parsed>
<columns itemClass="oracle.dbtools.crest.model.design.relational.Column">
<Column name="Activity_code" id="7AF1594B-D5F7-4834-D713-69C308676380">
<createdBy>admin</createdBy>
<createdTime>2019-05-01 01:15:43 UTC</createdTime>
<commentInRDBMS>Activity code as primary key</commentInRDBMS>
<generatorID>F666D8BA-1C3D-CBFE-C6C4-D202642833EC</generatorID>
<ownerDesignName>FIT3171_Logical_Model</ownerDesignName>
<useDomainConstraints>false</useDomainConstraints>
<use>1</use>
<logicalDatatype>LOGDT024</logicalDatatype>
<dataTypeSize>12 BYTE</dataTypeSize>
<ownDataTypeParameters>12 BYTE,,</ownDataTypeParameters>
<autoIncrementCycle>false</autoIncrementCycle>
</Column>
<Column name="Activity_name" id="3B04F0FE-B4D7-EF2A-CECF-31C4D5B4CAEF">
<createdBy>admin</createdBy>
<createdTime>2019-05-01 01:15:43 UTC</createdTime>
<commentInRDBMS>Activity name</commentInRDBMS>
<generatorID>D0A6408D-4DDD-22CB-D9A7-DE3407D4310B</generatorID>
<ownerDesignName>FIT3171_Logical_Model</ownerDesignName>
<useDomainConstraints>false</useDomainConstraints>
<use>1</use>
<logicalDatatype>LOGDT024</logicalDatatype>
<dataTypeSize>30 BYTE</dataTypeSize>
<ownDataTypeParameters>30 BYTE,,</ownDataTypeParameters>
<autoIncrementCycle>false</autoIncrementCycle>
</Column>
<Column name="Activity_description" id="97348275-02ED-174F-42C4-80AB0A6F9CCB">
<createdBy>admin</createdBy>
<createdTime>2019-05-01 01:15:43 UTC</createdTime>
<commentInRDBMS>Activity description</commentInRDBMS>
<generatorID>97AEA306-9841-9C37-8E3A-DEDA400097E2</generatorID>
<ownerDesignName>FIT3171_Logical_Model</ownerDesignName>
<useDomainConstraints>false</useDomainConstraints>
<use>1</use>
<logicalDatatype>LOGDT024</logicalDatatype>
<dataTypeSize>50 BYTE</dataTypeSize>
<ownDataTypeParameters>50 BYTE,,</ownDataTypeParameters>
<autoIncrementCycle>false</autoIncrementCycle>
</Column>
<Column name="Activity_duration" id="217B4001-EFC2-6207-7C2A-CDDEF2699E1A">
<createdBy>admin</createdBy>
<createdTime>2019-05-01 01:15:43 UTC</createdTime>
<commentInRDBMS>Duration of the activity. The time can vary (eample: a lunch activity may last long or short depends on the customer)</commentInRDBMS>
<generatorID>A25D90A8-4B74-AF0A-C83A-38B12B88F160</generatorID>
<ownerDesignName>FIT3171_Logical_Model</ownerDesignName>
<nullsAllowed>true</nullsAllowed>
<useDomainConstraints>false</useDomainConstraints>
<use>1</use>
<logicalDatatype>LOGDT014</logicalDatatype>
<ownDataTypeParameters>,,</ownDataTypeParameters>
<autoIncrementCycle>false</autoIncrementCycle>
</Column>
<Column name="Activity_cost" id="38A95575-A5C1-B36C-CE45-CFE3424B8198">
<createdBy>admin</createdBy>
<createdTime>2019-05-01 01:15:43 UTC</createdTime>
<commentInRDBMS>Activity cost up to four digits after the decimal point. This include 0</commentInRDBMS>
<generatorID>D5AB48E4-A090-2591-3428-426CC840A275</generatorID>
<ownerDesignName>FIT3171_Logical_Model</ownerDesignName>
<constraintName>chk_activity_cost</constraintName>
<useDomainConstraints>false</useDomainConstraints>
<use>1</use>
<logicalDatatype>LOGDT043</logicalDatatype>
<dataTypePrecision>19</dataTypePrecision>
<dataTypeScale>4</dataTypeScale>
<checkConstraint>
<implementationDef dbType="Oracle Database 11g" definition="activity_cost &gt;= 0"/>
</checkConstraint>
<ownDataTypeParameters>,19,4</ownDataTypeParameters>
<autoIncrementCycle>false</autoIncrementCycle>
</Column>
</columns>
<indexes itemClass="oracle.dbtools.crest.model.design.relational.Index">
<ind_PK_UK id="6B64FD5B-379C-ED70-DEE5-4A52635ACEFF" name="ACTIVITY_PK">
<createdBy>admin</createdBy>
<createdTime>2019-05-01 01:15:43 UTC</createdTime>
<generatorID>136F754D-7FC4-40FC-836A-0898F44BF6CB</generatorID>
<ownerDesignName>FIT3171_Logical_Model</ownerDesignName>
<pk>true</pk>
<indexState>Primary Constraint</indexState>
<isSurrogateKey>false</isSurrogateKey>
<indexColumnUsage>
<colUsage columnID="7AF1594B-D5F7-4834-D713-69C308676380"/>
</indexColumnUsage>
</ind_PK_UK>
</indexes>
</Table>