<?xml version = '1.0' encoding = 'UTF-8'?>
<Table class="oracle.dbtools.crest.model.design.relational.Table" directorySegmentName="seg_0" id="E29BEC2B-6155-65ED-641C-12A67E938980" name="ROOM_PHONE_NUMBER">
<createdBy>admin</createdBy>
<createdTime>2019-05-01 01:15:43 UTC</createdTime>
<generatorID>7ABC7223-5E0F-9619-B01C-B6099172370C</generatorID>
<ownerDesignName>FIT3171_Logical_Model</ownerDesignName>
<allowColumnReorder>false</allowColumnReorder>
<existDependencyGenerateInDDl>true</existDependencyGenerateInDDl>
<parsed>true</parsed>
<columns itemClass="oracle.dbtools.crest.model.design.relational.Column">
<Column name="Room_phone" id="989FF80F-C23E-A55C-BB00-960890C73009">
<createdBy>admin</createdBy>
<createdTime>2019-05-01 01:15:43 UTC</createdTime>
<commentInRDBMS>Rooms phone number</commentInRDBMS>
<generatorID>9C5E65F2-A3D2-5BB9-25AF-9C176548EF9E</generatorID>
<ownerDesignName>FIT3171_Logical_Model</ownerDesignName>
<nullsAllowed>true</nullsAllowed>
<useDomainConstraints>false</useDomainConstraints>
<use>1</use>
<logicalDatatype>LOGDT019</logicalDatatype>
<dataTypePrecision>11</dataTypePrecision>
<ownDataTypeParameters>,11,</ownDataTypeParameters>
<autoIncrementCycle>false</autoIncrementCycle>
</Column>
<Column name="Room_number" id="DD0DC90D-EA76-CFC7-7586-F7B35B7D66A5">
<createdBy>admin</createdBy>
<createdTime>2019-05-01 01:15:43 UTC</createdTime>
<commentInRDBMS>Room number as primary key</commentInRDBMS>
<generatorID>1B7F0B97-ECD8-9817-BE16-22B5871EEE7B</generatorID>
<ownerDesignName>FIT3171_Logical_Model</ownerDesignName>
<useDomainConstraints>false</useDomainConstraints>
<use>1</use>
<logicalDatatype>LOGDT011</logicalDatatype>
<ownDataTypeParameters>,,</ownDataTypeParameters>
<previousColumn>false</previousColumn>
<autoIncrementCycle>false</autoIncrementCycle>
<associations>
<colAssociation fkAssociation="0444C224-F9A5-6EB1-CECD-E4157A8FED8C" referredColumn="58208A86-72CF-9F95-A50C-A9775265B262"/>
</associations>
</Column>
<Column name="Houseshare_code" id="FF0371F6-8B3D-34F5-8E61-69AB71AB4D7C">
<createdBy>admin</createdBy>
<createdTime>2019-05-01 01:15:43 UTC</createdTime>
<commentInRDBMS>Unique code of houseshare</commentInRDBMS>
<generatorID>E2E4ECB3-2DE7-45F6-2D93-2C69FB2DF767</generatorID>
<ownerDesignName>FIT3171_Logical_Model</ownerDesignName>
<useDomainConstraints>false</useDomainConstraints>
<use>1</use>
<logicalDatatype>LOGDT024</logicalDatatype>
<dataTypeSize>12 BYTE</dataTypeSize>
<ownDataTypeParameters>,,</ownDataTypeParameters>
<previousColumn>false</previousColumn>
<autoIncrementCycle>false</autoIncrementCycle>
<associations>
<colAssociation fkAssociation="0444C224-F9A5-6EB1-CECD-E4157A8FED8C" referredColumn="C706E30B-2EFF-EBBC-ECEB-408C30972A74"/>
</associations>
</Column>
</columns>
<indexes itemClass="oracle.dbtools.crest.model.design.relational.Index">
<ind_PK_UK id="A825FA9A-3A0E-3D3E-CD91-2C8EB706FFF9" name="ROOM_PHONE_NUMBER_PK">
<createdBy>admin</createdBy>
<createdTime>2019-05-01 01:15:43 UTC</createdTime>
<generatorID>FBB4916F-E8F5-CB46-8377-736008ACC208</generatorID>
<ownerDesignName>FIT3171_Logical_Model</ownerDesignName>
<pk>true</pk>
<indexState>Primary Constraint</indexState>
<isSurrogateKey>false</isSurrogateKey>
<indexColumnUsage>
<colUsage columnID="DD0DC90D-EA76-CFC7-7586-F7B35B7D66A5"/>
<colUsage columnID="FF0371F6-8B3D-34F5-8E61-69AB71AB4D7C"/>
</indexColumnUsage>
</ind_PK_UK>
<ind_PK_UK id="0AFAF3A4-A66B-22DC-D520-9CA6841791E6" name="ROOM_ROOM_PHONE">
<createdBy>admin</createdBy>
<createdTime>2019-05-01 01:15:43 UTC</createdTime>
<generatorID>208E3D1D-72F6-613A-ACAA-7C0FACC51A30</generatorID>
<ownerDesignName>FIT3171_Logical_Model</ownerDesignName>
<indexState>Foreign Key</indexState>
<isSurrogateKey>false</isSurrogateKey>
<indexColumnUsage>
<colUsage columnID="DD0DC90D-EA76-CFC7-7586-F7B35B7D66A5"/>
<colUsage columnID="FF0371F6-8B3D-34F5-8E61-69AB71AB4D7C"/>
</indexColumnUsage>
</ind_PK_UK>
</indexes>
</Table>