<?xml version = '1.0' encoding = 'UTF-8'?>
<Table class="oracle.dbtools.crest.model.design.relational.Table" directorySegmentName="seg_0" id="E9CD8F71-06BF-5FBA-65AA-DA24B4132F7A" name="HOUSEKEEPER">
<createdBy>admin</createdBy>
<createdTime>2019-05-01 01:15:43 UTC</createdTime>
<generatorID>FFA5217C-028E-5668-132D-B679DE8BC802</generatorID>
<ownerDesignName>FIT3171_Logical_Model</ownerDesignName>
<allowColumnReorder>false</allowColumnReorder>
<existDependencyGenerateInDDl>true</existDependencyGenerateInDDl>
<parsed>true</parsed>
<columns itemClass="oracle.dbtools.crest.model.design.relational.Column">
<Column name="Keeper_id" id="B4A56B80-306E-6C52-F203-208B1D1CCA0A">
<createdBy>admin</createdBy>
<createdTime>2019-05-01 01:15:43 UTC</createdTime>
<commentInRDBMS>Unique id of the house keepeer</commentInRDBMS>
<generatorID>CA5249AE-F781-F47E-B37A-740ED377C2AB</generatorID>
<ownerDesignName>FIT3171_Logical_Model</ownerDesignName>
<useDomainConstraints>false</useDomainConstraints>
<use>1</use>
<logicalDatatype>LOGDT024</logicalDatatype>
<dataTypeSize>12 BYTE</dataTypeSize>
<ownDataTypeParameters>12 BYTE,,</ownDataTypeParameters>
<autoIncrementCycle>false</autoIncrementCycle>
</Column>
<Column name="Keeper_Fname" id="4AFFD710-B672-F99A-7167-88B466682BEF">
<createdBy>admin</createdBy>
<createdTime>2019-05-01 01:15:43 UTC</createdTime>
<commentInRDBMS>House keeper first name</commentInRDBMS>
<generatorID>C607773F-709F-4A8B-5D7F-ED55834C5F60</generatorID>
<ownerDesignName>FIT3171_Logical_Model</ownerDesignName>
<useDomainConstraints>false</useDomainConstraints>
<use>1</use>
<logicalDatatype>LOGDT024</logicalDatatype>
<dataTypeSize>30 BYTE</dataTypeSize>
<ownDataTypeParameters>30 BYTE,,</ownDataTypeParameters>
<autoIncrementCycle>false</autoIncrementCycle>
</Column>
<Column name="Keeper_Lname" id="D7A3FA69-14A5-14CF-659F-21A46AED5F0C">
<createdBy>admin</createdBy>
<createdTime>2019-05-01 01:15:43 UTC</createdTime>
<commentInRDBMS>House keeper last name</commentInRDBMS>
<generatorID>C7A4941B-9ADD-5F8E-4C53-6FC5E3CF5E74</generatorID>
<ownerDesignName>FIT3171_Logical_Model</ownerDesignName>
<useDomainConstraints>false</useDomainConstraints>
<use>1</use>
<logicalDatatype>LOGDT024</logicalDatatype>
<dataTypeSize>30 BYTE</dataTypeSize>
<ownDataTypeParameters>30 BYTE,,</ownDataTypeParameters>
<autoIncrementCycle>false</autoIncrementCycle>
</Column>
</columns>
<indexes itemClass="oracle.dbtools.crest.model.design.relational.Index">
<ind_PK_UK id="538818E6-2C15-F50F-EC32-138A6CC75392" name="HOUSEKEEPER_PK">
<createdBy>admin</createdBy>
<createdTime>2019-05-01 01:15:43 UTC</createdTime>
<generatorID>3140398A-8DF9-2BAB-587B-8CE2CCAE84EE</generatorID>
<ownerDesignName>FIT3171_Logical_Model</ownerDesignName>
<pk>true</pk>
<indexState>Primary Constraint</indexState>
<isSurrogateKey>false</isSurrogateKey>
<indexColumnUsage>
<colUsage columnID="B4A56B80-306E-6C52-F203-208B1D1CCA0A"/>
</indexColumnUsage>
</ind_PK_UK>
</indexes>
</Table>