<?xml version = '1.0' encoding = 'UTF-8'?>
<Table class="oracle.dbtools.crest.model.design.relational.Table" directorySegmentName="seg_0" id="EBF957D9-250F-F537-00D3-C3EAB0F9541E" name="MOVING_RECORD">
<createdBy>admin</createdBy>
<createdTime>2019-05-01 01:15:43 UTC</createdTime>
<generatorID>EA5A18C9-C665-BCC2-EEDD-A2557DC95598</generatorID>
<ownerDesignName>FIT3171_Logical_Model</ownerDesignName>
<allowColumnReorder>false</allowColumnReorder>
<existDependencyGenerateInDDl>true</existDependencyGenerateInDDl>
<parsed>true</parsed>
<columns itemClass="oracle.dbtools.crest.model.design.relational.Column">
<Column name="Moving_time" id="374E36F6-8B20-F4FD-20DA-12E25EA61C75">
<createdBy>admin</createdBy>
<createdTime>2019-05-01 01:15:43 UTC</createdTime>
<commentInRDBMS>Moving time as primary key</commentInRDBMS>
<generatorID>B71CA3A9-2434-A078-9220-0B226175D463</generatorID>
<ownerDesignName>FIT3171_Logical_Model</ownerDesignName>
<useDomainConstraints>false</useDomainConstraints>
<use>1</use>
<logicalDatatype>LOGDT015</logicalDatatype>
<dataTypePrecision>0</dataTypePrecision>
<ownDataTypeParameters>,0,</ownDataTypeParameters>
<autoIncrementCycle>false</autoIncrementCycle>
</Column>
<Column name="Room_number" id="62496E61-FC84-3CFB-53AC-B2086A4A0329">
<createdBy>admin</createdBy>
<createdTime>2019-05-01 01:15:43 UTC</createdTime>
<commentInRDBMS>Room number of the customer</commentInRDBMS>
<generatorID>C8738C3F-EE2A-8FD1-F23F-CA4F56B0D2E0</generatorID>
<ownerDesignName>FIT3171_Logical_Model</ownerDesignName>
<nullsAllowed>true</nullsAllowed>
<useDomainConstraints>false</useDomainConstraints>
<use>1</use>
<logicalDatatype>LOGDT011</logicalDatatype>
<ownDataTypeParameters>,,</ownDataTypeParameters>
<autoIncrementCycle>false</autoIncrementCycle>
</Column>
<Column name="Houseshare_code" id="10B75DF1-5B5D-E424-55C4-F9AE406CB950">
<createdBy>admin</createdBy>
<createdTime>2019-05-01 01:15:43 UTC</createdTime>
<commentInRDBMS>Unique code of houseshare</commentInRDBMS>
<generatorID>AA8CB489-E0B7-F2B2-AA9F-97CFD4BDE787</generatorID>
<ownerDesignName>FIT3171_Logical_Model</ownerDesignName>
<useDomainConstraints>false</useDomainConstraints>
<use>1</use>
<logicalDatatype>LOGDT024</logicalDatatype>
<dataTypeSize>12 BYTE</dataTypeSize>
<ownDataTypeParameters>,,</ownDataTypeParameters>
<previousColumn>false</previousColumn>
<autoIncrementCycle>false</autoIncrementCycle>
<associations>
<colAssociation fkAssociation="02A2FFA0-F45D-09E9-A73C-CC0BF4DAF819" referredColumn="FE06E317-F2CD-CB98-FF6D-B2A7A8C8AA70"/>
</associations>
</Column>
<Column name="Book_time" id="1A1C7136-0A66-0D3C-D93E-2595625D5D56">
<createdBy>admin</createdBy>
<createdTime>2019-05-01 01:15:43 UTC</createdTime>
<commentInRDBMS>Customers booking time, serves as primary key</commentInRDBMS>
<generatorID>4CFFFD09-1A65-7DED-1D21-E87D5C0AA6BC</generatorID>
<ownerDesignName>FIT3171_Logical_Model</ownerDesignName>
<useDomainConstraints>false</useDomainConstraints>
<use>1</use>
<logicalDatatype>LOGDT015</logicalDatatype>
<dataTypePrecision>0</dataTypePrecision>
<ownDataTypeParameters>,,</ownDataTypeParameters>
<previousColumn>false</previousColumn>
<autoIncrementCycle>false</autoIncrementCycle>
<associations>
<colAssociation fkAssociation="36436687-35F5-1BA4-DEB5-C36826555218" referredColumn="BAFFD268-BEA5-1372-2592-8B766FA11AB0"/>
</associations>
</Column>
<Column name="Customer_id" id="60055C0F-879B-5006-EF3B-7592BC78F5B7">
<createdBy>admin</createdBy>
<createdTime>2019-05-01 01:15:43 UTC</createdTime>
<commentInRDBMS>Customer unique id, as the primary key</commentInRDBMS>
<generatorID>5030DDDE-C965-C3E8-AE2F-270D82B2BE79</generatorID>
<ownerDesignName>FIT3171_Logical_Model</ownerDesignName>
<useDomainConstraints>false</useDomainConstraints>
<use>1</use>
<logicalDatatype>LOGDT024</logicalDatatype>
<dataTypeSize>6 CHAR</dataTypeSize>
<ownDataTypeParameters>,,</ownDataTypeParameters>
<previousColumn>false</previousColumn>
<autoIncrementCycle>false</autoIncrementCycle>
<associations>
<colAssociation fkAssociation="36436687-35F5-1BA4-DEB5-C36826555218" referredColumn="3D4D1968-2849-97AC-152D-05DFBDC51896"/>
</associations>
</Column>
</columns>
<indexes itemClass="oracle.dbtools.crest.model.design.relational.Index">
<ind_PK_UK id="7152E555-1ADF-8604-9919-592664019F03" name="MOVING_RECORD_PK">
<createdBy>admin</createdBy>
<createdTime>2019-05-01 01:15:43 UTC</createdTime>
<generatorID>16C144BD-5582-1FB0-7633-0AC3751C918C</generatorID>
<ownerDesignName>FIT3171_Logical_Model</ownerDesignName>
<pk>true</pk>
<indexState>Primary Constraint</indexState>
<isSurrogateKey>false</isSurrogateKey>
<indexColumnUsage>
<colUsage columnID="374E36F6-8B20-F4FD-20DA-12E25EA61C75"/>
<colUsage columnID="60055C0F-879B-5006-EF3B-7592BC78F5B7"/>
</indexColumnUsage>
</ind_PK_UK>
<ind_PK_UK id="7866C127-7119-BC77-D12A-990B71C4F285" name="BOOKING_MOVING_RECORD">
<createdBy>admin</createdBy>
<createdTime>2019-05-01 01:15:43 UTC</createdTime>
<generatorID>9719EF7F-F40E-6AC7-7BD1-7FF7D27586CB</generatorID>
<ownerDesignName>FIT3171_Logical_Model</ownerDesignName>
<indexState>Foreign Key</indexState>
<isSurrogateKey>false</isSurrogateKey>
<indexColumnUsage>
<colUsage columnID="1A1C7136-0A66-0D3C-D93E-2595625D5D56"/>
<colUsage columnID="60055C0F-879B-5006-EF3B-7592BC78F5B7"/>
</indexColumnUsage>
</ind_PK_UK>
<ind_PK_UK id="84EEE16F-D19B-D3DF-5AD3-A24119843AF2" name="HOUSESHARE_MOVING_RECORD">
<createdBy>admin</createdBy>
<createdTime>2019-05-01 01:15:43 UTC</createdTime>
<generatorID>32188092-2450-C4DF-E27A-C00A6EA11373</generatorID>
<ownerDesignName>FIT3171_Logical_Model</ownerDesignName>
<indexState>Foreign Key</indexState>
<isSurrogateKey>false</isSurrogateKey>
<indexColumnUsage>
<colUsage columnID="10B75DF1-5B5D-E424-55C4-F9AE406CB950"/>
</indexColumnUsage>
</ind_PK_UK>
</indexes>
</Table>