<?xml version = '1.0' encoding = 'UTF-8'?>
<Table class="oracle.dbtools.crest.model.design.relational.Table" directorySegmentName="seg_0" id="F63F7007-C94E-7A6E-C1A2-32FD34D1E92A" name="ACTIVITY_SPECIAL">
<createdBy>admin</createdBy>
<createdTime>2019-05-01 01:15:43 UTC</createdTime>
<generatorID>70EFB508-275F-45FA-AC21-A5613F3F0488</generatorID>
<ownerDesignName>FIT3171_Logical_Model</ownerDesignName>
<allowColumnReorder>false</allowColumnReorder>
<existDependencyGenerateInDDl>true</existDependencyGenerateInDDl>
<parsed>true</parsed>
<columns itemClass="oracle.dbtools.crest.model.design.relational.Column">
<Column name="Item_quantity" id="8DE7CF23-258F-3626-EC1F-0C337D9B90B2">
<createdBy>admin</createdBy>
<createdTime>2019-05-01 01:15:43 UTC</createdTime>
<commentInRDBMS>Quantity of item needed for the activity</commentInRDBMS>
<generatorID>6646B7A1-08C2-8E56-764F-1E414AFE1F3A</generatorID>
<ownerDesignName>FIT3171_Logical_Model</ownerDesignName>
<nullsAllowed>true</nullsAllowed>
<useDomainConstraints>false</useDomainConstraints>
<use>1</use>
<logicalDatatype>LOGDT011</logicalDatatype>
<ownDataTypeParameters>,,</ownDataTypeParameters>
<autoIncrementCycle>false</autoIncrementCycle>
</Column>
<Column name="Activity_code" id="CA6AC0F3-C5A2-0885-2E13-2FBEC8A71FA7">
<createdBy>admin</createdBy>
<createdTime>2019-05-01 01:15:43 UTC</createdTime>
<commentInRDBMS>Activity code as primary key</commentInRDBMS>
<generatorID>C385CBF0-885A-48B0-DDA7-523E3DC66317</generatorID>
<ownerDesignName>FIT3171_Logical_Model</ownerDesignName>
<useDomainConstraints>false</useDomainConstraints>
<use>1</use>
<logicalDatatype>LOGDT024</logicalDatatype>
<dataTypeSize>12 BYTE</dataTypeSize>
<ownDataTypeParameters>,,</ownDataTypeParameters>
<previousColumn>false</previousColumn>
<autoIncrementCycle>false</autoIncrementCycle>
<associations>
<colAssociation fkAssociation="5BBDC8B8-3304-A013-E4AD-7E8C8E2195A5" referredColumn="7AF1594B-D5F7-4834-D713-69C308676380"/>
</associations>
</Column>
<Column name="Item_code" id="49255F35-5516-B036-64F6-9629C4FB2C47">
<createdBy>admin</createdBy>
<createdTime>2019-05-01 01:15:43 UTC</createdTime>
<commentInRDBMS>Unique item code as primary key</commentInRDBMS>
<generatorID>8F137980-05E3-68A0-8B9A-8BEEA9844AF3</generatorID>
<ownerDesignName>FIT3171_Logical_Model</ownerDesignName>
<useDomainConstraints>false</useDomainConstraints>
<use>1</use>
<logicalDatatype>LOGDT024</logicalDatatype>
<dataTypeSize>12 BYTE</dataTypeSize>
<ownDataTypeParameters>,,</ownDataTypeParameters>
<previousColumn>false</previousColumn>
<autoIncrementCycle>false</autoIncrementCycle>
<associations>
<colAssociation fkAssociation="BB5D4B45-3D1B-B90C-327A-2ED1D9849A47" referredColumn="309B32FA-9DBB-2C6E-F6B6-09B260E805FA"/>
</associations>
</Column>
</columns>
<indexes itemClass="oracle.dbtools.crest.model.design.relational.Index">
<ind_PK_UK id="80334975-F489-1F5D-C7C6-D304EA4912B1" name="ACTIVITY_SPECIAL_PK">
<createdBy>admin</createdBy>
<createdTime>2019-05-01 01:15:43 UTC</createdTime>
<generatorID>740A8B0E-2B9B-8ED1-4619-434D09440199</generatorID>
<ownerDesignName>FIT3171_Logical_Model</ownerDesignName>
<pk>true</pk>
<indexState>Primary Constraint</indexState>
<isSurrogateKey>false</isSurrogateKey>
<indexColumnUsage>
<colUsage columnID="49255F35-5516-B036-64F6-9629C4FB2C47"/>
<colUsage columnID="CA6AC0F3-C5A2-0885-2E13-2FBEC8A71FA7"/>
</indexColumnUsage>
</ind_PK_UK>
<ind_PK_UK id="64FFA13F-C3F6-680A-50E4-8BB56FC29C9C" name="ACTIVITY_ACTIVITY_SPECIAL">
<createdBy>admin</createdBy>
<createdTime>2019-05-01 01:15:43 UTC</createdTime>
<generatorID>932BA90F-23DF-1035-EECE-20746073FDB7</generatorID>
<ownerDesignName>FIT3171_Logical_Model</ownerDesignName>
<indexState>Foreign Key</indexState>
<isSurrogateKey>false</isSurrogateKey>
<indexColumnUsage>
<colUsage columnID="CA6AC0F3-C5A2-0885-2E13-2FBEC8A71FA7"/>
</indexColumnUsage>
</ind_PK_UK>
<ind_PK_UK id="645BF76C-F31F-BF58-639E-BA03F851D484" name="ITEM_ACTIVITY_SPECIAL">
<createdBy>admin</createdBy>
<createdTime>2019-05-01 01:15:43 UTC</createdTime>
<generatorID>63813B5F-44D6-F2B6-0E6E-2A8546BCB511</generatorID>
<ownerDesignName>FIT3171_Logical_Model</ownerDesignName>
<indexState>Foreign Key</indexState>
<isSurrogateKey>false</isSurrogateKey>
<indexColumnUsage>
<colUsage columnID="49255F35-5516-B036-64F6-9629C4FB2C47"/>
</indexColumnUsage>
</ind_PK_UK>
</indexes>
</Table>