<?xml version = '1.0' encoding = 'UTF-8'?>
<relationalModel class="oracle.dbtools.crest.model.design.relational.RelationalDesign" name="Relational_1" id="832DF958-A63A-377D-04B6-9632BA9CC77C" mainViewID="559EC18B-48B0-66F8-2655-E345ACCD0785">
<createdBy>admin</createdBy>
<createdTime>2019-04-30 13:59:56 UTC</createdTime>
<ownerDesignName>FIT3171_Logical_Model</ownerDesignName>
<shouldBeOpen>false</shouldBeOpen>
<selectedRDBMSSite>32076570-2523-435C-2E92-BF29817DFF70</selectedRDBMSSite>
</relationalModel>