<?xml version = '1.0' encoding = 'UTF-8'?>
<Relation class="oracle.dbtools.crest.model.design.logical.Relation" name="HOUSEKEEPER_ASSIGNMENT" directorySegmentName="seg_0" id="03E75367-255A-2489-517D-171A7F1C1E2D">
<createdBy>admin</createdBy>
<createdTime>2019-04-30 22:05:47 UTC</createdTime>
<ownerDesignName>FIT3171_Logical_Model</ownerDesignName>
<engineerTo>
<item key="832DF958-A63A-377D-04B6-9632BA9CC77C" value="true"/>
</engineerTo>
<sourcePk>3140398A-8DF9-2BAB-587B-8CE2CCAE84EE</sourcePk>
<targetPk>042FF181-CBF7-9523-A37C-5E935D05F0E1</targetPk>
<identifying>true</identifying>
<nameOnSource>enroll in</nameOnSource>
<optionalSource>true</optionalSource>
<optionalTarget>false</optionalTarget>
<sourceCardinality>1</sourceCardinality>
<sourceEntity>FFA5217C-028E-5668-132D-B679DE8BC802</sourceEntity>
<targetCardinalityString>*</targetCardinalityString>
<targetEntity>634236A0-1051-E9B4-E6A6-D266734D96BC</targetEntity>
<transferable>true</transferable>
<deleteRule>NO ACTION</deleteRule>
</Relation>