<?xml version = '1.0' encoding = 'UTF-8'?>
<Relation class="oracle.dbtools.crest.model.design.logical.Relation" name="COST_CENTRE_ITEM" directorySegmentName="seg_0" id="13FC0293-C127-0236-ACCD-3B34D7C2A532">
<createdBy>admin</createdBy>
<createdTime>2019-04-30 22:53:30 UTC</createdTime>
<ownerDesignName>FIT3171_Logical_Model</ownerDesignName>
<engineerTo>
<item key="832DF958-A63A-377D-04B6-9632BA9CC77C" value="true"/>
</engineerTo>
<sourcePk>9A7B9002-4A2D-E440-9B55-9E3009DED603</sourcePk>
<targetPk>D88C79FA-5C65-42B4-1532-225217BF6922</targetPk>
<identifying>false</identifying>
<nameOnSource>supply</nameOnSource>
<optionalSource>false</optionalSource>
<optionalTarget>false</optionalTarget>
<sourceCardinality>1</sourceCardinality>
<sourceEntity>DB42598A-303A-A67A-5533-375350087653</sourceEntity>
<targetCardinalityString>*</targetCardinalityString>
<targetEntity>E51C8171-9A64-63DF-81A4-E5405E4601CC</targetEntity>
<transferable>true</transferable>
<deleteRule>NO ACTION</deleteRule>
</Relation>