<?xml version = '1.0' encoding = 'UTF-8'?>
<Relation class="oracle.dbtools.crest.model.design.logical.Relation" name="SPECIALISATION_TOURGUIDE_SPECIAL" directorySegmentName="seg_0" id="175F37BB-88B8-9004-9007-5FFEADEA2052">
<createdBy>admin</createdBy>
<createdTime>2019-04-30 21:07:33 UTC</createdTime>
<ownerDesignName>FIT3171_Logical_Model</ownerDesignName>
<engineerTo>
<item key="832DF958-A63A-377D-04B6-9632BA9CC77C" value="true"/>
</engineerTo>
<sourcePk>42E5A354-73DD-4B5C-76A2-C1B848FCA998</sourcePk>
<identifying>true</identifying>
<nameOnSource>include</nameOnSource>
<optionalSource>true</optionalSource>
<optionalTarget>false</optionalTarget>
<sourceCardinality>1</sourceCardinality>
<sourceEntity>965B888F-50B2-CE4F-6A64-CC2B8095FC0E</sourceEntity>
<targetCardinalityString>*</targetCardinalityString>
<targetEntity>C9758B28-34F9-DDB0-4A66-3A09B3AEA6FA</targetEntity>
<transferable>true</transferable>
<deleteRule>NO ACTION</deleteRule>
</Relation>