<?xml version = '1.0' encoding = 'UTF-8'?>
<Relation class="oracle.dbtools.crest.model.design.logical.Relation" name="ACTIVITY_PERFORMANCE" directorySegmentName="seg_0" id="1D9C67C9-36BB-3871-8150-9B53E2EE47E7">
<createdBy>admin</createdBy>
<createdTime>2019-04-30 23:37:37 UTC</createdTime>
<ownerDesignName>FIT3171_Logical_Model</ownerDesignName>
<engineerTo>
<item key="832DF958-A63A-377D-04B6-9632BA9CC77C" value="true"/>
</engineerTo>
<sourcePk>136F754D-7FC4-40FC-836A-0898F44BF6CB</sourcePk>
<identifying>false</identifying>
<nameOnTarget>of</nameOnTarget>
<optionalSource>true</optionalSource>
<optionalTarget>false</optionalTarget>
<sourceCardinality>1</sourceCardinality>
<sourceEntity>D215B648-A373-8D0F-22D0-F57B5070ECEE</sourceEntity>
<targetCardinalityString>*</targetCardinalityString>
<targetEntity>02140EB7-CFE1-6D81-1A59-4B3A410DF840</targetEntity>
<transferable>true</transferable>
<deleteRule>NO ACTION</deleteRule>
</Relation>