<?xml version = '1.0' encoding = 'UTF-8'?>
<Relation class="oracle.dbtools.crest.model.design.logical.Relation" name="ROOM_ROOM_PHONE" directorySegmentName="seg_0" id="208E3D1D-72F6-613A-ACAA-7C0FACC51A30">
<createdBy>admin</createdBy>
<createdTime>2019-04-30 21:59:38 UTC</createdTime>
<ownerDesignName>FIT3171_Logical_Model</ownerDesignName>
<engineerTo>
<item key="832DF958-A63A-377D-04B6-9632BA9CC77C" value="true"/>
</engineerTo>
<sourcePk>DD84EEDC-52C7-3171-8B96-7AA67E508F3A</sourcePk>
<dominantRole>4F9C0948-864B-5533-AAF3-C27F4ADC6A01</dominantRole>
<identifying>true</identifying>
<nameOnSource>has</nameOnSource>
<optionalSource>true</optionalSource>
<optionalTarget>false</optionalTarget>
<sourceCardinality>1</sourceCardinality>
<sourceEntity>4F9C0948-864B-5533-AAF3-C27F4ADC6A01</sourceEntity>
<targetCardinalityString>1</targetCardinalityString>
<targetEntity>7ABC7223-5E0F-9619-B01C-B6099172370C</targetEntity>
<transferable>true</transferable>
<deleteRule>NO ACTION</deleteRule>
</Relation>