<?xml version = '1.0' encoding = 'UTF-8'?>
<Relation class="oracle.dbtools.crest.model.design.logical.Relation" name="HOUSESHARE_ROOM" directorySegmentName="seg_0" id="20F6C8F4-015B-57BB-A0F6-2F0E8D991AF9">
<createdBy>admin</createdBy>
<createdTime>2019-04-30 21:43:22 UTC</createdTime>
<ownerDesignName>FIT3171_Logical_Model</ownerDesignName>
<engineerTo>
<item key="832DF958-A63A-377D-04B6-9632BA9CC77C" value="true"/>
</engineerTo>
<sourcePk>B98B6B08-2D0A-8AB9-6353-24FEFC37C235</sourcePk>
<targetPk>DD84EEDC-52C7-3171-8B96-7AA67E508F3A</targetPk>
<identifying>true</identifying>
<nameOnSource>has</nameOnSource>
<optionalSource>false</optionalSource>
<optionalTarget>false</optionalTarget>
<sourceCardinality>1</sourceCardinality>
<sourceEntity>3D7ACD5C-1FF4-D101-8416-0014F2C51203</sourceEntity>
<targetCardinalityString>*</targetCardinalityString>
<targetEntity>4F9C0948-864B-5533-AAF3-C27F4ADC6A01</targetEntity>
<transferable>true</transferable>
<deleteRule>NO ACTION</deleteRule>
</Relation>