<?xml version = '1.0' encoding = 'UTF-8'?>
<Relation class="oracle.dbtools.crest.model.design.logical.Relation" name="HOUSESHARE_MOVING_RECORD" directorySegmentName="seg_0" id="32188092-2450-C4DF-E27A-C00A6EA11373">
<createdBy>admin</createdBy>
<createdTime>2019-04-30 21:22:38 UTC</createdTime>
<ownerDesignName>FIT3171_Logical_Model</ownerDesignName>
<engineerTo>
<item key="832DF958-A63A-377D-04B6-9632BA9CC77C" value="true"/>
</engineerTo>
<sourcePk>16C144BD-5582-1FB0-7633-0AC3751C918C</sourcePk>
<targetPk>B98B6B08-2D0A-8AB9-6353-24FEFC37C235</targetPk>
<identifying>false</identifying>
<nameOnSource>belong to</nameOnSource>
<optionalSource>false</optionalSource>
<optionalTarget>true</optionalTarget>
<sourceCardinality>*</sourceCardinality>
<sourceEntity>EA5A18C9-C665-BCC2-EEDD-A2557DC95598</sourceEntity>
<targetCardinalityString>1</targetCardinalityString>
<targetEntity>3D7ACD5C-1FF4-D101-8416-0014F2C51203</targetEntity>
<transferable>true</transferable>
<deleteRule>NO ACTION</deleteRule>
</Relation>