<?xml version = '1.0' encoding = 'UTF-8'?>
<Relation class="oracle.dbtools.crest.model.design.logical.Relation" name="TOUR_GUIDE_PRESCRIPTION" directorySegmentName="seg_0" id="467EFB17-5DCD-8BBB-5C31-D1EF494F526D">
<createdBy>admin</createdBy>
<createdTime>2019-04-30 22:58:16 UTC</createdTime>
<ownerDesignName>FIT3171_Logical_Model</ownerDesignName>
<engineerTo>
<item key="832DF958-A63A-377D-04B6-9632BA9CC77C" value="true"/>
</engineerTo>
<sourcePk>30791F4C-7B72-B058-F184-8A036859D2DE</sourcePk>
<identifying>false</identifying>
<nameOnSource>request</nameOnSource>
<optionalSource>true</optionalSource>
<optionalTarget>false</optionalTarget>
<sourceCardinality>1</sourceCardinality>
<sourceEntity>F00EC293-8037-F719-9EF3-0B193762E7A5</sourceEntity>
<targetCardinalityString>*</targetCardinalityString>
<targetEntity>D979F1A3-565F-398B-E222-D5326C5B49F5</targetEntity>
<transferable>true</transferable>
<deleteRule>NO ACTION</deleteRule>
</Relation>