<?xml version = '1.0' encoding = 'UTF-8'?>
<Relation class="oracle.dbtools.crest.model.design.logical.Relation" name="ACTIVITY_PRESCRIPTION" directorySegmentName="seg_0" id="48DC4630-6CBB-8E69-23FB-A29CDF038741">
<createdBy>admin</createdBy>
<createdTime>2019-04-30 22:59:20 UTC</createdTime>
<ownerDesignName>FIT3171_Logical_Model</ownerDesignName>
<engineerTo>
<item key="832DF958-A63A-377D-04B6-9632BA9CC77C" value="true"/>
</engineerTo>
<sourcePk>136F754D-7FC4-40FC-836A-0898F44BF6CB</sourcePk>
<identifying>true</identifying>
<nameOnSource>of</nameOnSource>
<optionalSource>true</optionalSource>
<optionalTarget>false</optionalTarget>
<sourceCardinality>1</sourceCardinality>
<sourceEntity>D215B648-A373-8D0F-22D0-F57B5070ECEE</sourceEntity>
<targetCardinalityString>*</targetCardinalityString>
<targetEntity>D979F1A3-565F-398B-E222-D5326C5B49F5</targetEntity>
<transferable>true</transferable>
<deleteRule>NO ACTION</deleteRule>
</Relation>