<?xml version = '1.0' encoding = 'UTF-8'?>
<Relation class="oracle.dbtools.crest.model.design.logical.Relation" name="HOUSESHARE_ASSIGNMENT" directorySegmentName="seg_0" id="4FB7FAFA-D5A9-ECF2-E0D9-7A7B809EC53D">
<createdBy>admin</createdBy>
<createdTime>2019-04-30 22:04:16 UTC</createdTime>
<ownerDesignName>FIT3171_Logical_Model</ownerDesignName>
<engineerTo>
<item key="832DF958-A63A-377D-04B6-9632BA9CC77C" value="true"/>
</engineerTo>
<sourcePk>B98B6B08-2D0A-8AB9-6353-24FEFC37C235</sourcePk>
<targetPk>042FF181-CBF7-9523-A37C-5E935D05F0E1</targetPk>
<identifying>false</identifying>
<nameOnSource>has</nameOnSource>
<optionalSource>true</optionalSource>
<optionalTarget>false</optionalTarget>
<sourceCardinality>1</sourceCardinality>
<sourceEntity>3D7ACD5C-1FF4-D101-8416-0014F2C51203</sourceEntity>
<targetCardinalityString>*</targetCardinalityString>
<targetEntity>634236A0-1051-E9B4-E6A6-D266734D96BC</targetEntity>
<transferable>true</transferable>
<deleteRule>NO ACTION</deleteRule>
</Relation>