<?xml version = '1.0' encoding = 'UTF-8'?>
<Relation class="oracle.dbtools.crest.model.design.logical.Relation" name="CUSTOMER_ACTIVITY_CHARGE" directorySegmentName="seg_0" id="5C895A1F-AAD3-6C17-AC82-CC3C2010A1C5">
<createdBy>admin</createdBy>
<createdTime>2019-04-30 23:17:31 UTC</createdTime>
<ownerDesignName>FIT3171_Logical_Model</ownerDesignName>
<engineerTo>
<item key="832DF958-A63A-377D-04B6-9632BA9CC77C" value="true"/>
</engineerTo>
<sourcePk>D2D2180B-631C-A96B-996C-943646308F65</sourcePk>
<identifying>true</identifying>
<nameOnTarget>pay</nameOnTarget>
<optionalSource>true</optionalSource>
<optionalTarget>false</optionalTarget>
<sourceCardinality>1</sourceCardinality>
<sourceEntity>79651D79-8415-7BBA-9AA0-334E2A9516DE</sourceEntity>
<targetCardinalityString>*</targetCardinalityString>
<targetEntity>9A1578AB-1DFC-3BBF-CA4B-D628B92C222C</targetEntity>
<transferable>true</transferable>
<deleteRule>NO ACTION</deleteRule>
</Relation>