<?xml version = '1.0' encoding = 'UTF-8'?>
<Relation class="oracle.dbtools.crest.model.design.logical.Relation" name="ITEM_ACTIVITY_SPECIAL" directorySegmentName="seg_0" id="63813B5F-44D6-F2B6-0E6E-2A8546BCB511">
<createdBy>admin</createdBy>
<createdTime>2019-04-30 22:47:21 UTC</createdTime>
<ownerDesignName>FIT3171_Logical_Model</ownerDesignName>
<engineerTo>
<item key="832DF958-A63A-377D-04B6-9632BA9CC77C" value="true"/>
</engineerTo>
<sourcePk>D88C79FA-5C65-42B4-1532-225217BF6922</sourcePk>
<identifying>true</identifying>
<nameOnTarget>requires</nameOnTarget>
<optionalSource>true</optionalSource>
<optionalTarget>false</optionalTarget>
<sourceCardinality>1</sourceCardinality>
<sourceEntity>E51C8171-9A64-63DF-81A4-E5405E4601CC</sourceEntity>
<targetCardinalityString>*</targetCardinalityString>
<targetEntity>70EFB508-275F-45FA-AC21-A5613F3F0488</targetEntity>
<transferable>true</transferable>
<deleteRule>NO ACTION</deleteRule>
</Relation>