<?xml version = '1.0' encoding = 'UTF-8'?>
<Relation class="oracle.dbtools.crest.model.design.logical.Relation" name="TOUR_GUIDE_PERFORMANCE" directorySegmentName="seg_0" id="6B4D5557-98C8-3044-6620-44A0A2BDA726">
<createdBy>admin</createdBy>
<createdTime>2019-04-30 23:37:33 UTC</createdTime>
<ownerDesignName>FIT3171_Logical_Model</ownerDesignName>
<engineerTo>
<item key="832DF958-A63A-377D-04B6-9632BA9CC77C" value="true"/>
</engineerTo>
<sourcePk>30791F4C-7B72-B058-F184-8A036859D2DE</sourcePk>
<identifying>true</identifying>
<nameOnSource>perform</nameOnSource>
<optionalSource>true</optionalSource>
<optionalTarget>false</optionalTarget>
<sourceCardinality>1</sourceCardinality>
<sourceEntity>F00EC293-8037-F719-9EF3-0B193762E7A5</sourceEntity>
<targetCardinalityString>*</targetCardinalityString>
<targetEntity>02140EB7-CFE1-6D81-1A59-4B3A410DF840</targetEntity>
<transferable>true</transferable>
<deleteRule>NO ACTION</deleteRule>
</Relation>