<?xml version = '1.0' encoding = 'UTF-8'?>
<Relation class="oracle.dbtools.crest.model.design.logical.Relation" name="CUSTOMER_BOOKING" directorySegmentName="seg_0" id="7F789710-BC79-3F7B-CDAA-16EBD8097D07">
<createdBy>admin</createdBy>
<createdTime>2019-04-30 21:50:43 UTC</createdTime>
<ownerDesignName>FIT3171_Logical_Model</ownerDesignName>
<engineerTo>
<item key="832DF958-A63A-377D-04B6-9632BA9CC77C" value="true"/>
</engineerTo>
<sourcePk>D2D2180B-631C-A96B-996C-943646308F65</sourcePk>
<targetPk>217A6FD2-67DB-C900-4BD3-B7888AF1052F</targetPk>
<identifying>true</identifying>
<nameOnSource>register</nameOnSource>
<optionalSource>false</optionalSource>
<optionalTarget>false</optionalTarget>
<sourceCardinality>1</sourceCardinality>
<sourceEntity>79651D79-8415-7BBA-9AA0-334E2A9516DE</sourceEntity>
<targetCardinalityString>*</targetCardinalityString>
<targetEntity>F1C4179D-29C8-B00E-5A73-05CD59C1022A</targetEntity>
<transferable>true</transferable>
<deleteRule>NO ACTION</deleteRule>
</Relation>