<?xml version = '1.0' encoding = 'UTF-8'?>
<Relation class="oracle.dbtools.crest.model.design.logical.Relation" name="ITEM_CHARGE" directorySegmentName="seg_0" id="878E944A-67F5-B357-E2EE-B00E416E0C2E">
<createdBy>admin</createdBy>
<createdTime>2019-04-30 23:22:30 UTC</createdTime>
<ownerDesignName>FIT3171_Logical_Model</ownerDesignName>
<engineerTo>
<item key="832DF958-A63A-377D-04B6-9632BA9CC77C" value="true"/>
</engineerTo>
<sourcePk>D88C79FA-5C65-42B4-1532-225217BF6922</sourcePk>
<identifying>false</identifying>
<nameOnTarget>included in</nameOnTarget>
<optionalSource>true</optionalSource>
<optionalTarget>false</optionalTarget>
<sourceCardinality>1</sourceCardinality>
<sourceEntity>E51C8171-9A64-63DF-81A4-E5405E4601CC</sourceEntity>
<targetCardinalityString>*</targetCardinalityString>
<targetEntity>9A1578AB-1DFC-3BBF-CA4B-D628B92C222C</targetEntity>
<transferable>true</transferable>
<deleteRule>NO ACTION</deleteRule>
</Relation>