<?xml version = '1.0' encoding = 'UTF-8'?>
<Relation class="oracle.dbtools.crest.model.design.logical.Relation" name="HOUSEKEEPER_POLICE_CHECK" directorySegmentName="seg_0" id="89EA4C97-314A-B208-F6EE-159FCB54340C">
<createdBy>admin</createdBy>
<createdTime>2019-04-30 22:10:42 UTC</createdTime>
<ownerDesignName>FIT3171_Logical_Model</ownerDesignName>
<engineerTo>
<item key="832DF958-A63A-377D-04B6-9632BA9CC77C" value="true"/>
</engineerTo>
<sourcePk>3140398A-8DF9-2BAB-587B-8CE2CCAE84EE</sourcePk>
<dominantRole>FFA5217C-028E-5668-132D-B679DE8BC802</dominantRole>
<identifying>true</identifying>
<nameOnSource>has</nameOnSource>
<optionalSource>true</optionalSource>
<optionalTarget>false</optionalTarget>
<sourceCardinality>1</sourceCardinality>
<sourceEntity>FFA5217C-028E-5668-132D-B679DE8BC802</sourceEntity>
<targetCardinalityString>1</targetCardinalityString>
<targetEntity>CDF4E106-0351-C3CC-614A-671C98663D56</targetEntity>
<transferable>true</transferable>
<deleteRule>NO ACTION</deleteRule>
</Relation>