<?xml version = '1.0' encoding = 'UTF-8'?>
<Relation class="oracle.dbtools.crest.model.design.logical.Relation" name="ACTIVITY_CHARGE" directorySegmentName="seg_0" id="8D941F8C-CB01-7888-4E96-A895CF3DF9F2">
<createdBy>admin</createdBy>
<createdTime>2019-04-30 23:20:03 UTC</createdTime>
<ownerDesignName>FIT3171_Logical_Model</ownerDesignName>
<engineerTo>
<item key="832DF958-A63A-377D-04B6-9632BA9CC77C" value="true"/>
</engineerTo>
<sourcePk>136F754D-7FC4-40FC-836A-0898F44BF6CB</sourcePk>
<identifying>false</identifying>
<nameOnSource>included in</nameOnSource>
<optionalSource>false</optionalSource>
<optionalTarget>false</optionalTarget>
<sourceCardinality>1</sourceCardinality>
<sourceEntity>D215B648-A373-8D0F-22D0-F57B5070ECEE</sourceEntity>
<targetCardinalityString>*</targetCardinalityString>
<targetEntity>9A1578AB-1DFC-3BBF-CA4B-D628B92C222C</targetEntity>
<transferable>true</transferable>
<deleteRule>NO ACTION</deleteRule>
</Relation>