<?xml version = '1.0' encoding = 'UTF-8'?>
<Relation class="oracle.dbtools.crest.model.design.logical.Relation" name="ACTIVITY_ACTIVITY_SPECIAL" directorySegmentName="seg_0" id="932BA90F-23DF-1035-EECE-20746073FDB7">
<createdBy>admin</createdBy>
<createdTime>2019-04-30 22:46:24 UTC</createdTime>
<ownerDesignName>FIT3171_Logical_Model</ownerDesignName>
<engineerTo>
<item key="832DF958-A63A-377D-04B6-9632BA9CC77C" value="true"/>
</engineerTo>
<sourcePk>136F754D-7FC4-40FC-836A-0898F44BF6CB</sourcePk>
<identifying>true</identifying>
<nameOnSource>among</nameOnSource>
<optionalSource>true</optionalSource>
<optionalTarget>false</optionalTarget>
<sourceCardinality>1</sourceCardinality>
<sourceEntity>D215B648-A373-8D0F-22D0-F57B5070ECEE</sourceEntity>
<targetCardinalityString>*</targetCardinalityString>
<targetEntity>70EFB508-275F-45FA-AC21-A5613F3F0488</targetEntity>
<transferable>true</transferable>
<deleteRule>NO ACTION</deleteRule>
</Relation>