<?xml version = '1.0' encoding = 'UTF-8'?>
<Relation class="oracle.dbtools.crest.model.design.logical.Relation" name="BOOKING_MOVING_RECORD" directorySegmentName="seg_0" id="9719EF7F-F40E-6AC7-7BD1-7FF7D27586CB">
<createdBy>admin</createdBy>
<createdTime>2019-04-30 21:51:28 UTC</createdTime>
<ownerDesignName>FIT3171_Logical_Model</ownerDesignName>
<engineerTo>
<item key="832DF958-A63A-377D-04B6-9632BA9CC77C" value="true"/>
</engineerTo>
<sourcePk>217A6FD2-67DB-C900-4BD3-B7888AF1052F</sourcePk>
<identifying>true</identifying>
<nameOnTarget>record</nameOnTarget>
<optionalSource>false</optionalSource>
<optionalTarget>false</optionalTarget>
<sourceCardinality>1</sourceCardinality>
<sourceEntity>F1C4179D-29C8-B00E-5A73-05CD59C1022A</sourceEntity>
<targetCardinalityString>*</targetCardinalityString>
<targetEntity>EA5A18C9-C665-BCC2-EEDD-A2557DC95598</targetEntity>
<transferable>true</transferable>
<deleteRule>NO ACTION</deleteRule>
</Relation>