<?xml version = '1.0' encoding = 'UTF-8'?>
<Relation class="oracle.dbtools.crest.model.design.logical.Relation" name="TOUR_GUIDE_BOOKING" directorySegmentName="seg_0" id="C6C7505D-D98A-13A9-C412-ED197F5AF84D">
<createdBy>admin</createdBy>
<createdTime>2019-04-30 21:02:50 UTC</createdTime>
<ownerDesignName>FIT3171_Logical_Model</ownerDesignName>
<engineerTo>
<item key="832DF958-A63A-377D-04B6-9632BA9CC77C" value="true"/>
</engineerTo>
<sourcePk>30791F4C-7B72-B058-F184-8A036859D2DE</sourcePk>
<identifying>false</identifying>
<nameOnSource>assign</nameOnSource>
<optionalSource>true</optionalSource>
<optionalTarget>false</optionalTarget>
<sourceCardinality>1</sourceCardinality>
<sourceEntity>F00EC293-8037-F719-9EF3-0B193762E7A5</sourceEntity>
<targetCardinalityString>*</targetCardinalityString>
<targetEntity>F1C4179D-29C8-B00E-5A73-05CD59C1022A</targetEntity>
<transferable>true</transferable>
<deleteRule>NO ACTION</deleteRule>
</Relation>