<?xml version = '1.0' encoding = 'UTF-8'?>
<Relation class="oracle.dbtools.crest.model.design.logical.Relation" name="TOURGUIDE_TOURGUIDE_SPECIAL" directorySegmentName="seg_0" id="DCB7E135-7175-4A18-543D-94DD825D5ECE">
<createdBy>admin</createdBy>
<createdTime>2019-04-30 21:08:37 UTC</createdTime>
<ownerDesignName>FIT3171_Logical_Model</ownerDesignName>
<engineerTo>
<item key="832DF958-A63A-377D-04B6-9632BA9CC77C" value="true"/>
</engineerTo>
<sourcePk>30791F4C-7B72-B058-F184-8A036859D2DE</sourcePk>
<identifying>true</identifying>
<nameOnSource>has</nameOnSource>
<optionalSource>true</optionalSource>
<optionalTarget>false</optionalTarget>
<sourceCardinality>1</sourceCardinality>
<sourceEntity>F00EC293-8037-F719-9EF3-0B193762E7A5</sourceEntity>
<targetCardinalityString>*</targetCardinalityString>
<targetEntity>C9758B28-34F9-DDB0-4A66-3A09B3AEA6FA</targetEntity>
<transferable>true</transferable>
<deleteRule>NO ACTION</deleteRule>
</Relation>