<?xml version = '1.0' encoding = 'UTF-8'?>
<Relation class="oracle.dbtools.crest.model.design.logical.Relation" name="BOOKING_PRESCRIPTION" directorySegmentName="seg_0" id="FCC5CD4C-EB42-A5D2-6F95-A66CDB017D90">
<createdBy>admin</createdBy>
<createdTime>2019-04-30 22:56:16 UTC</createdTime>
<ownerDesignName>FIT3171_Logical_Model</ownerDesignName>
<engineerTo>
<item key="832DF958-A63A-377D-04B6-9632BA9CC77C" value="true"/>
</engineerTo>
<sourcePk>217A6FD2-67DB-C900-4BD3-B7888AF1052F</sourcePk>
<identifying>true</identifying>
<nameOnSource>record</nameOnSource>
<optionalSource>true</optionalSource>
<optionalTarget>false</optionalTarget>
<sourceCardinality>1</sourceCardinality>
<sourceEntity>F1C4179D-29C8-B00E-5A73-05CD59C1022A</sourceEntity>
<targetCardinalityString>*</targetCardinalityString>
<targetEntity>D979F1A3-565F-398B-E222-D5326C5B49F5</targetEntity>
<transferable>true</transferable>
<deleteRule>NO ACTION</deleteRule>
</Relation>