<?xml version = '1.0' encoding = 'UTF-8'?>
<FKIndexAssociation class="oracle.dbtools.crest.model.design.relational.FKIndexAssociation" directorySegmentName="seg_0" id="02A2FFA0-F45D-09E9-A73C-CC0BF4DAF819" containerWithKeyObject="EBF957D9-250F-F537-00D3-C3EAB0F9541E" localFKIndex="84EEE16F-D19B-D3DF-5AD3-A24119843AF2" name="HOUSESHARE_MOVING_RECORD">
<createdBy>admin</createdBy>
<createdTime>2019-05-01 01:15:43 UTC</createdTime>
<generatorID>32188092-2450-C4DF-E27A-C00A6EA11373</generatorID>
<ownerDesignName>FIT3171_Logical_Model</ownerDesignName>
<referredTableLongName>HOUSESHARE</referredTableLongName>
<deleteRule>NO ACTION</deleteRule>
<referredTableID>19711FA6-95D5-BBCD-D9EB-93F1599D07BA</referredTableID>
<keyObject>8D3507D5-CD4A-32EF-7090-5D739D590D67</keyObject>
<referredKeyID>8D3507D5-CD4A-32EF-7090-5D739D590D67</referredKeyID>
<mandatory>true</mandatory>
<refColNames>Houseshare_code</refColNames>
<transferable>true</transferable>
<rely>false</rely>
<columnDependencyConstraintGenerateInDDL>true</columnDependencyConstraintGenerateInDDL>
</FKIndexAssociation>