<?xml version = '1.0' encoding = 'UTF-8'?>
<FKIndexAssociation class="oracle.dbtools.crest.model.design.relational.FKIndexAssociation" directorySegmentName="seg_0" id="0444C224-F9A5-6EB1-CECD-E4157A8FED8C" containerWithKeyObject="E29BEC2B-6155-65ED-641C-12A67E938980" localFKIndex="0AFAF3A4-A66B-22DC-D520-9CA6841791E6" name="ROOM_ROOM_PHONE">
<createdBy>admin</createdBy>
<createdTime>2019-05-01 01:15:43 UTC</createdTime>
<generatorID>208E3D1D-72F6-613A-ACAA-7C0FACC51A30</generatorID>
<ownerDesignName>FIT3171_Logical_Model</ownerDesignName>
<referredTableLongName>ROOM</referredTableLongName>
<deleteRule>NO ACTION</deleteRule>
<referredTableID>B3C02A98-F064-97B4-1B5F-4C69FA169A15</referredTableID>
<keyObject>A85C6494-9AAF-6484-BD52-42A74E12AC43</keyObject>
<referredKeyID>A85C6494-9AAF-6484-BD52-42A74E12AC43</referredKeyID>
<mandatory>true</mandatory>
<refColNames>Room_number,Houseshare_code</refColNames>
<transferable>true</transferable>
<rely>false</rely>
<columnDependencyConstraintGenerateInDDL>true</columnDependencyConstraintGenerateInDDL>
</FKIndexAssociation>