<?xml version = '1.0' encoding = 'UTF-8'?>
<FKIndexAssociation class="oracle.dbtools.crest.model.design.relational.FKIndexAssociation" directorySegmentName="seg_0" id="0FF76DFD-DAD9-7562-0D5F-67538780283B" containerWithKeyObject="D2D7B7BC-AB75-9D75-82A7-63A27C210B41" localFKIndex="82258CE0-8553-9A09-66A4-006818170042" name="CUSTOMER_BOOKING">
<createdBy>admin</createdBy>
<createdTime>2019-05-01 01:15:43 UTC</createdTime>
<generatorID>7F789710-BC79-3F7B-CDAA-16EBD8097D07</generatorID>
<ownerDesignName>FIT3171_Logical_Model</ownerDesignName>
<referredTableLongName>CUSTOMER</referredTableLongName>
<deleteRule>NO ACTION</deleteRule>
<referredTableID>4D6C09C0-978A-ACB9-1DE1-122DDEC5C283</referredTableID>
<keyObject>1200A425-76A1-88C3-52FD-86789D21E06E</keyObject>
<referredKeyID>1200A425-76A1-88C3-52FD-86789D21E06E</referredKeyID>
<mandatory>true</mandatory>
<refColNames>Customer_id</refColNames>
<transferable>true</transferable>
<rely>false</rely>
<columnDependencyConstraintGenerateInDDL>true</columnDependencyConstraintGenerateInDDL>
</FKIndexAssociation>