<?xml version = '1.0' encoding = 'UTF-8'?>
<FKIndexAssociation class="oracle.dbtools.crest.model.design.relational.FKIndexAssociation" directorySegmentName="seg_0" id="225005B3-7EB4-CA34-DB85-76308638DB31" containerWithKeyObject="1FCA5EA8-EA15-0592-BB33-B2685961F488" localFKIndex="F685C919-845B-122A-90A4-7E4786A213F2" name="COST_CENTRE_ITEM">
<createdBy>admin</createdBy>
<createdTime>2019-05-01 01:15:43 UTC</createdTime>
<generatorID>13FC0293-C127-0236-ACCD-3B34D7C2A532</generatorID>
<ownerDesignName>FIT3171_Logical_Model</ownerDesignName>
<referredTableLongName>COST_CENTRE</referredTableLongName>
<deleteRule>NO ACTION</deleteRule>
<referredTableID>6A80AED8-2F7C-344E-C898-2E1D4396E4A2</referredTableID>
<keyObject>256F5B2F-75C0-9482-4A1C-71CB3E2A654C</keyObject>
<referredKeyID>256F5B2F-75C0-9482-4A1C-71CB3E2A654C</referredKeyID>
<mandatory>true</mandatory>
<refColNames>Centre_code</refColNames>
<transferable>true</transferable>
<rely>false</rely>
<columnDependencyConstraintGenerateInDDL>true</columnDependencyConstraintGenerateInDDL>
</FKIndexAssociation>