<?xml version = '1.0' encoding = 'UTF-8'?>
<FKIndexAssociation class="oracle.dbtools.crest.model.design.relational.FKIndexAssociation" directorySegmentName="seg_0" id="312884F8-CBAF-5115-FD4F-395AADD82557" containerWithKeyObject="D2D7B7BC-AB75-9D75-82A7-63A27C210B41" localFKIndex="10233FB8-52CC-591F-72DF-EC3AF0419B7C" name="TOUR_GUIDE_BOOKING">
<createdBy>admin</createdBy>
<createdTime>2019-05-01 01:15:43 UTC</createdTime>
<generatorID>C6C7505D-D98A-13A9-C412-ED197F5AF84D</generatorID>
<ownerDesignName>FIT3171_Logical_Model</ownerDesignName>
<referredTableLongName>TOUR_GUIDE</referredTableLongName>
<deleteRule>NO ACTION</deleteRule>
<referredTableID>2BF9461A-5842-7A1E-7EA9-340CCF86691D</referredTableID>
<keyObject>34021559-4D0B-0760-5D4A-9893C4AD0EE6</keyObject>
<referredKeyID>34021559-4D0B-0760-5D4A-9893C4AD0EE6</referredKeyID>
<mandatory>true</mandatory>
<refColNames>Tour_guide_id</refColNames>
<transferable>true</transferable>
<rely>false</rely>
<columnDependencyConstraintGenerateInDDL>true</columnDependencyConstraintGenerateInDDL>
</FKIndexAssociation>