<?xml version = '1.0' encoding = 'UTF-8'?>
<FKIndexAssociation class="oracle.dbtools.crest.model.design.relational.FKIndexAssociation" directorySegmentName="seg_0" id="36436687-35F5-1BA4-DEB5-C36826555218" containerWithKeyObject="EBF957D9-250F-F537-00D3-C3EAB0F9541E" localFKIndex="7866C127-7119-BC77-D12A-990B71C4F285" name="BOOKING_MOVING_RECORD">
<createdBy>admin</createdBy>
<createdTime>2019-05-01 01:15:43 UTC</createdTime>
<generatorID>9719EF7F-F40E-6AC7-7BD1-7FF7D27586CB</generatorID>
<ownerDesignName>FIT3171_Logical_Model</ownerDesignName>
<referredTableLongName>BOOKING</referredTableLongName>
<deleteRule>NO ACTION</deleteRule>
<referredTableID>D2D7B7BC-AB75-9D75-82A7-63A27C210B41</referredTableID>
<keyObject>9594E94A-D544-7338-3E43-FA0217392F8F</keyObject>
<referredKeyID>9594E94A-D544-7338-3E43-FA0217392F8F</referredKeyID>
<mandatory>true</mandatory>
<refColNames>Book_time,Customer_id</refColNames>
<transferable>true</transferable>
<rely>false</rely>
<columnDependencyConstraintGenerateInDDL>true</columnDependencyConstraintGenerateInDDL>
</FKIndexAssociation>