<?xml version = '1.0' encoding = 'UTF-8'?>
<FKIndexAssociation class="oracle.dbtools.crest.model.design.relational.FKIndexAssociation" directorySegmentName="seg_0" id="3B368F75-4DE1-E090-E654-BDDAD0E37BBE" containerWithKeyObject="4ADBC947-C485-3505-3D7E-9CA37860B3C3" localFKIndex="5DD8F543-5A83-2085-0E9E-138B2BB253EA" name="CUSTOMER_ACTIVITY_CHARGE">
<createdBy>admin</createdBy>
<createdTime>2019-05-01 01:15:43 UTC</createdTime>
<generatorID>5C895A1F-AAD3-6C17-AC82-CC3C2010A1C5</generatorID>
<ownerDesignName>FIT3171_Logical_Model</ownerDesignName>
<referredTableLongName>CUSTOMER</referredTableLongName>
<deleteRule>NO ACTION</deleteRule>
<referredTableID>4D6C09C0-978A-ACB9-1DE1-122DDEC5C283</referredTableID>
<keyObject>1200A425-76A1-88C3-52FD-86789D21E06E</keyObject>
<referredKeyID>1200A425-76A1-88C3-52FD-86789D21E06E</referredKeyID>
<mandatory>true</mandatory>
<refColNames>Customer_id</refColNames>
<transferable>true</transferable>
<rely>false</rely>
<columnDependencyConstraintGenerateInDDL>true</columnDependencyConstraintGenerateInDDL>
</FKIndexAssociation>