<?xml version = '1.0' encoding = 'UTF-8'?>
<FKIndexAssociation class="oracle.dbtools.crest.model.design.relational.FKIndexAssociation" directorySegmentName="seg_0" id="40080ED9-A80E-4BBD-F321-69520C38E7C8" containerWithKeyObject="4ADBC947-C485-3505-3D7E-9CA37860B3C3" localFKIndex="34AE6A7F-ABC1-BE6D-6C5B-D6211C86EBEC" name="ACTIVITY_CHARGE">
<createdBy>admin</createdBy>
<createdTime>2019-05-01 01:15:43 UTC</createdTime>
<generatorID>8D941F8C-CB01-7888-4E96-A895CF3DF9F2</generatorID>
<ownerDesignName>FIT3171_Logical_Model</ownerDesignName>
<referredTableLongName>ACTIVITY</referredTableLongName>
<deleteRule>NO ACTION</deleteRule>
<referredTableID>D57C37A3-D185-E003-40B6-6080C783A4ED</referredTableID>
<keyObject>6B64FD5B-379C-ED70-DEE5-4A52635ACEFF</keyObject>
<referredKeyID>6B64FD5B-379C-ED70-DEE5-4A52635ACEFF</referredKeyID>
<mandatory>true</mandatory>
<refColNames>Activity_code</refColNames>
<transferable>true</transferable>
<rely>false</rely>
<columnDependencyConstraintGenerateInDDL>true</columnDependencyConstraintGenerateInDDL>
</FKIndexAssociation>