<?xml version = '1.0' encoding = 'UTF-8'?>
<FKIndexAssociation class="oracle.dbtools.crest.model.design.relational.FKIndexAssociation" directorySegmentName="seg_0" id="5BBDC8B8-3304-A013-E4AD-7E8C8E2195A5" containerWithKeyObject="F63F7007-C94E-7A6E-C1A2-32FD34D1E92A" localFKIndex="64FFA13F-C3F6-680A-50E4-8BB56FC29C9C" name="ACTIVITY_ACTIVITY_SPECIAL">
<createdBy>admin</createdBy>
<createdTime>2019-05-01 01:15:43 UTC</createdTime>
<generatorID>932BA90F-23DF-1035-EECE-20746073FDB7</generatorID>
<ownerDesignName>FIT3171_Logical_Model</ownerDesignName>
<referredTableLongName>ACTIVITY</referredTableLongName>
<deleteRule>NO ACTION</deleteRule>
<referredTableID>D57C37A3-D185-E003-40B6-6080C783A4ED</referredTableID>
<keyObject>6B64FD5B-379C-ED70-DEE5-4A52635ACEFF</keyObject>
<referredKeyID>6B64FD5B-379C-ED70-DEE5-4A52635ACEFF</referredKeyID>
<mandatory>true</mandatory>
<refColNames>Activity_code</refColNames>
<transferable>true</transferable>
<rely>false</rely>
<columnDependencyConstraintGenerateInDDL>true</columnDependencyConstraintGenerateInDDL>
</FKIndexAssociation>