<?xml version = '1.0' encoding = 'UTF-8'?>
<FKIndexAssociation class="oracle.dbtools.crest.model.design.relational.FKIndexAssociation" directorySegmentName="seg_0" id="5C90534C-4FB4-8E27-CDA0-AB11F5A6E8EC" containerWithKeyObject="B3C02A98-F064-97B4-1B5F-4C69FA169A15" localFKIndex="4C469813-3669-DB08-EEF0-F2728B20D4CD" name="HOUSESHARE_ROOM">
<createdBy>admin</createdBy>
<createdTime>2019-05-01 01:15:43 UTC</createdTime>
<generatorID>20F6C8F4-015B-57BB-A0F6-2F0E8D991AF9</generatorID>
<ownerDesignName>FIT3171_Logical_Model</ownerDesignName>
<referredTableLongName>HOUSESHARE</referredTableLongName>
<deleteRule>NO ACTION</deleteRule>
<referredTableID>19711FA6-95D5-BBCD-D9EB-93F1599D07BA</referredTableID>
<keyObject>8D3507D5-CD4A-32EF-7090-5D739D590D67</keyObject>
<referredKeyID>8D3507D5-CD4A-32EF-7090-5D739D590D67</referredKeyID>
<mandatory>true</mandatory>
<refColNames>Houseshare_code</refColNames>
<transferable>true</transferable>
<rely>false</rely>
<columnDependencyConstraintGenerateInDDL>true</columnDependencyConstraintGenerateInDDL>
</FKIndexAssociation>