<?xml version = '1.0' encoding = 'UTF-8'?>
<FKIndexAssociation class="oracle.dbtools.crest.model.design.relational.FKIndexAssociation" directorySegmentName="seg_0" id="5E2E462A-9B6A-D3A3-FE6B-21D76D306967" containerWithKeyObject="053764A9-E7D7-AC9B-E7E8-7C7523290BF7" localFKIndex="24DB1D37-62D1-440D-CC01-2AE81259F093" name="ACTIVITY_PERFORMANCE">
<createdBy>admin</createdBy>
<createdTime>2019-05-01 01:15:43 UTC</createdTime>
<generatorID>1D9C67C9-36BB-3871-8150-9B53E2EE47E7</generatorID>
<ownerDesignName>FIT3171_Logical_Model</ownerDesignName>
<referredTableLongName>ACTIVITY</referredTableLongName>
<deleteRule>NO ACTION</deleteRule>
<referredTableID>D57C37A3-D185-E003-40B6-6080C783A4ED</referredTableID>
<keyObject>6B64FD5B-379C-ED70-DEE5-4A52635ACEFF</keyObject>
<referredKeyID>6B64FD5B-379C-ED70-DEE5-4A52635ACEFF</referredKeyID>
<mandatory>true</mandatory>
<refColNames>Activity_code</refColNames>
<transferable>true</transferable>
<rely>false</rely>
<columnDependencyConstraintGenerateInDDL>true</columnDependencyConstraintGenerateInDDL>
</FKIndexAssociation>