<?xml version = '1.0' encoding = 'UTF-8'?>
<FKIndexAssociation class="oracle.dbtools.crest.model.design.relational.FKIndexAssociation" directorySegmentName="seg_0" id="67BA6865-505A-1086-9B55-60186EDC1FE5" containerWithKeyObject="4ADBC947-C485-3505-3D7E-9CA37860B3C3" localFKIndex="ADC77C46-EEC2-D53A-380F-081523BE26C1" name="ITEM_CHARGE">
<createdBy>admin</createdBy>
<createdTime>2019-05-01 01:15:43 UTC</createdTime>
<generatorID>878E944A-67F5-B357-E2EE-B00E416E0C2E</generatorID>
<ownerDesignName>FIT3171_Logical_Model</ownerDesignName>
<referredTableLongName>ITEM</referredTableLongName>
<deleteRule>NO ACTION</deleteRule>
<referredTableID>1FCA5EA8-EA15-0592-BB33-B2685961F488</referredTableID>
<keyObject>4558D1FD-E5B1-6966-CA1D-E20E444AFA6D</keyObject>
<referredKeyID>4558D1FD-E5B1-6966-CA1D-E20E444AFA6D</referredKeyID>
<mandatory>true</mandatory>
<refColNames>Item_code</refColNames>
<transferable>true</transferable>
<rely>false</rely>
<columnDependencyConstraintGenerateInDDL>true</columnDependencyConstraintGenerateInDDL>
</FKIndexAssociation>