<?xml version = '1.0' encoding = 'UTF-8'?>
<FKIndexAssociation class="oracle.dbtools.crest.model.design.relational.FKIndexAssociation" directorySegmentName="seg_0" id="698BA083-E4A1-79BA-6665-F61E82681D98" containerWithKeyObject="17FED759-F952-AB09-8A0F-8E0F7B92B5B8" localFKIndex="7098FD32-6D6C-524F-B65E-8DB3A8310284" name="TOURGUIDE_TOURGUIDE_SPECIAL">
<createdBy>admin</createdBy>
<createdTime>2019-05-01 01:15:43 UTC</createdTime>
<generatorID>DCB7E135-7175-4A18-543D-94DD825D5ECE</generatorID>
<ownerDesignName>FIT3171_Logical_Model</ownerDesignName>
<referredTableLongName>TOUR_GUIDE</referredTableLongName>
<deleteRule>NO ACTION</deleteRule>
<referredTableID>2BF9461A-5842-7A1E-7EA9-340CCF86691D</referredTableID>
<keyObject>34021559-4D0B-0760-5D4A-9893C4AD0EE6</keyObject>
<referredKeyID>34021559-4D0B-0760-5D4A-9893C4AD0EE6</referredKeyID>
<mandatory>true</mandatory>
<refColNames>Tour_guide_id</refColNames>
<transferable>true</transferable>
<rely>false</rely>
<columnDependencyConstraintGenerateInDDL>true</columnDependencyConstraintGenerateInDDL>
</FKIndexAssociation>