<?xml version = '1.0' encoding = 'UTF-8'?>
<FKIndexAssociation class="oracle.dbtools.crest.model.design.relational.FKIndexAssociation" directorySegmentName="seg_0" id="73C5BE01-4022-0073-549D-4C5E2154F554" containerWithKeyObject="6A335EA5-5891-7190-7385-4D1B5C3A7F99" localFKIndex="7C528814-DEFA-F8A9-28D1-8784A659F74B" name="BOOKING_PRESCRIPTION">
<createdBy>admin</createdBy>
<createdTime>2019-05-01 01:15:43 UTC</createdTime>
<generatorID>FCC5CD4C-EB42-A5D2-6F95-A66CDB017D90</generatorID>
<ownerDesignName>FIT3171_Logical_Model</ownerDesignName>
<referredTableLongName>BOOKING</referredTableLongName>
<deleteRule>NO ACTION</deleteRule>
<referredTableID>D2D7B7BC-AB75-9D75-82A7-63A27C210B41</referredTableID>
<keyObject>9594E94A-D544-7338-3E43-FA0217392F8F</keyObject>
<referredKeyID>9594E94A-D544-7338-3E43-FA0217392F8F</referredKeyID>
<mandatory>true</mandatory>
<refColNames>Book_time,Customer_id</refColNames>
<transferable>true</transferable>
<rely>false</rely>
<columnDependencyConstraintGenerateInDDL>true</columnDependencyConstraintGenerateInDDL>
</FKIndexAssociation>