<?xml version = '1.0' encoding = 'UTF-8'?>
<FKIndexAssociation class="oracle.dbtools.crest.model.design.relational.FKIndexAssociation" directorySegmentName="seg_0" id="7E54543B-CFF8-2E98-B891-4827ECAE9D29" containerWithKeyObject="6A335EA5-5891-7190-7385-4D1B5C3A7F99" localFKIndex="4BB44A49-CD40-9277-7691-3317C118990C" name="TOUR_GUIDE_PRESCRIPTION">
<createdBy>admin</createdBy>
<createdTime>2019-05-01 01:15:43 UTC</createdTime>
<generatorID>467EFB17-5DCD-8BBB-5C31-D1EF494F526D</generatorID>
<ownerDesignName>FIT3171_Logical_Model</ownerDesignName>
<referredTableLongName>TOUR_GUIDE</referredTableLongName>
<deleteRule>NO ACTION</deleteRule>
<referredTableID>2BF9461A-5842-7A1E-7EA9-340CCF86691D</referredTableID>
<keyObject>34021559-4D0B-0760-5D4A-9893C4AD0EE6</keyObject>
<referredKeyID>34021559-4D0B-0760-5D4A-9893C4AD0EE6</referredKeyID>
<mandatory>true</mandatory>
<refColNames>Tour_guide_id</refColNames>
<transferable>true</transferable>
<rely>false</rely>
<columnDependencyConstraintGenerateInDDL>true</columnDependencyConstraintGenerateInDDL>
</FKIndexAssociation>