<?xml version = '1.0' encoding = 'UTF-8'?>
<FKIndexAssociation class="oracle.dbtools.crest.model.design.relational.FKIndexAssociation" directorySegmentName="seg_0" id="926643EE-77E0-5FCA-C3E9-70025F05AB9F" containerWithKeyObject="053764A9-E7D7-AC9B-E7E8-7C7523290BF7" localFKIndex="00C63BC4-5B02-1123-861E-152E2941EAD2" name="TOUR_GUIDE_PERFORMANCE">
<createdBy>admin</createdBy>
<createdTime>2019-05-01 01:15:43 UTC</createdTime>
<generatorID>6B4D5557-98C8-3044-6620-44A0A2BDA726</generatorID>
<ownerDesignName>FIT3171_Logical_Model</ownerDesignName>
<referredTableLongName>TOUR_GUIDE</referredTableLongName>
<deleteRule>NO ACTION</deleteRule>
<referredTableID>2BF9461A-5842-7A1E-7EA9-340CCF86691D</referredTableID>
<keyObject>34021559-4D0B-0760-5D4A-9893C4AD0EE6</keyObject>
<referredKeyID>34021559-4D0B-0760-5D4A-9893C4AD0EE6</referredKeyID>
<mandatory>true</mandatory>
<refColNames>Tour_guide_id</refColNames>
<transferable>true</transferable>
<rely>false</rely>
<columnDependencyConstraintGenerateInDDL>true</columnDependencyConstraintGenerateInDDL>
</FKIndexAssociation>