<?xml version = '1.0' encoding = 'UTF-8'?>
<FKIndexAssociation class="oracle.dbtools.crest.model.design.relational.FKIndexAssociation" directorySegmentName="seg_0" id="AC019914-6070-7FA9-A93E-66A49866E550" containerWithKeyObject="6A335EA5-5891-7190-7385-4D1B5C3A7F99" localFKIndex="42B3A51B-BBDC-9CAE-33EF-B8BAA4B4AAAF" name="ACTIVITY_PRESCRIPTION">
<createdBy>admin</createdBy>
<createdTime>2019-05-01 01:15:43 UTC</createdTime>
<generatorID>48DC4630-6CBB-8E69-23FB-A29CDF038741</generatorID>
<ownerDesignName>FIT3171_Logical_Model</ownerDesignName>
<referredTableLongName>ACTIVITY</referredTableLongName>
<deleteRule>NO ACTION</deleteRule>
<referredTableID>D57C37A3-D185-E003-40B6-6080C783A4ED</referredTableID>
<keyObject>6B64FD5B-379C-ED70-DEE5-4A52635ACEFF</keyObject>
<referredKeyID>6B64FD5B-379C-ED70-DEE5-4A52635ACEFF</referredKeyID>
<mandatory>true</mandatory>
<refColNames>Activity_code</refColNames>
<transferable>true</transferable>
<rely>false</rely>
<columnDependencyConstraintGenerateInDDL>true</columnDependencyConstraintGenerateInDDL>
</FKIndexAssociation>