<?xml version = '1.0' encoding = 'UTF-8'?>
<FKIndexAssociation class="oracle.dbtools.crest.model.design.relational.FKIndexAssociation" directorySegmentName="seg_0" id="B90156A9-A1D4-99B5-F1B5-1C15FBF3DF41" containerWithKeyObject="44BC519D-3D40-43B1-BA92-3C2250EFFE87" localFKIndex="59F3D316-3A87-8336-41B3-2F5C82077C3B" name="HOUSEKEEPER_POLICE_CHECK">
<createdBy>admin</createdBy>
<createdTime>2019-05-01 01:15:43 UTC</createdTime>
<generatorID>89EA4C97-314A-B208-F6EE-159FCB54340C</generatorID>
<ownerDesignName>FIT3171_Logical_Model</ownerDesignName>
<referredTableLongName>HOUSEKEEPER</referredTableLongName>
<deleteRule>NO ACTION</deleteRule>
<referredTableID>E9CD8F71-06BF-5FBA-65AA-DA24B4132F7A</referredTableID>
<keyObject>538818E6-2C15-F50F-EC32-138A6CC75392</keyObject>
<referredKeyID>538818E6-2C15-F50F-EC32-138A6CC75392</referredKeyID>
<mandatory>true</mandatory>
<refColNames>Keeper_id</refColNames>
<transferable>true</transferable>
<rely>false</rely>
<columnDependencyConstraintGenerateInDDL>true</columnDependencyConstraintGenerateInDDL>
</FKIndexAssociation>