<?xml version = '1.0' encoding = 'UTF-8'?>
<FKIndexAssociation class="oracle.dbtools.crest.model.design.relational.FKIndexAssociation" directorySegmentName="seg_0" id="BB5D4B45-3D1B-B90C-327A-2ED1D9849A47" containerWithKeyObject="F63F7007-C94E-7A6E-C1A2-32FD34D1E92A" localFKIndex="645BF76C-F31F-BF58-639E-BA03F851D484" name="ITEM_ACTIVITY_SPECIAL">
<createdBy>admin</createdBy>
<createdTime>2019-05-01 01:15:43 UTC</createdTime>
<generatorID>63813B5F-44D6-F2B6-0E6E-2A8546BCB511</generatorID>
<ownerDesignName>FIT3171_Logical_Model</ownerDesignName>
<referredTableLongName>ITEM</referredTableLongName>
<deleteRule>NO ACTION</deleteRule>
<referredTableID>1FCA5EA8-EA15-0592-BB33-B2685961F488</referredTableID>
<keyObject>4558D1FD-E5B1-6966-CA1D-E20E444AFA6D</keyObject>
<referredKeyID>4558D1FD-E5B1-6966-CA1D-E20E444AFA6D</referredKeyID>
<mandatory>true</mandatory>
<refColNames>Item_code</refColNames>
<transferable>true</transferable>
<rely>false</rely>
<columnDependencyConstraintGenerateInDDL>true</columnDependencyConstraintGenerateInDDL>
</FKIndexAssociation>