<?xml version = '1.0' encoding = 'UTF-8'?>
<FKIndexAssociation class="oracle.dbtools.crest.model.design.relational.FKIndexAssociation" directorySegmentName="seg_0" id="BBAE3723-4BC1-4E05-213D-CF311B397428" containerWithKeyObject="17FED759-F952-AB09-8A0F-8E0F7B92B5B8" localFKIndex="1515205B-A44F-286E-7CB6-6AD5C37AFC2A" name="SPECIALISATION_TOURGUIDE_SPECIAL">
<createdBy>admin</createdBy>
<createdTime>2019-05-01 01:15:43 UTC</createdTime>
<generatorID>175F37BB-88B8-9004-9007-5FFEADEA2052</generatorID>
<ownerDesignName>FIT3171_Logical_Model</ownerDesignName>
<referredTableLongName>SPECIALISATION</referredTableLongName>
<deleteRule>NO ACTION</deleteRule>
<referredTableID>BEA7B4A6-E700-05E5-DD97-FF20E4BBD6E1</referredTableID>
<keyObject>6EB16B04-49E5-BDF0-9B9A-96BC3F2B69EC</keyObject>
<referredKeyID>6EB16B04-49E5-BDF0-9B9A-96BC3F2B69EC</referredKeyID>
<mandatory>true</mandatory>
<refColNames>Special_code</refColNames>
<transferable>true</transferable>
<rely>false</rely>
<columnDependencyConstraintGenerateInDDL>true</columnDependencyConstraintGenerateInDDL>
</FKIndexAssociation>