<?xml version = '1.0' encoding = 'UTF-8'?>
<FKIndexAssociation class="oracle.dbtools.crest.model.design.relational.FKIndexAssociation" directorySegmentName="seg_0" id="F2F70472-9396-1164-9995-EC12C30A9E3A" containerWithKeyObject="A0901A93-2B7F-87C7-FDD4-5D7F9BF6A99E" localFKIndex="2E11D810-55E6-C684-5A9D-6C71B787C149" name="HOUSESHARE_ASSIGNMENT">
<createdBy>admin</createdBy>
<createdTime>2019-05-01 01:15:43 UTC</createdTime>
<generatorID>4FB7FAFA-D5A9-ECF2-E0D9-7A7B809EC53D</generatorID>
<ownerDesignName>FIT3171_Logical_Model</ownerDesignName>
<referredTableLongName>HOUSESHARE</referredTableLongName>
<deleteRule>NO ACTION</deleteRule>
<referredTableID>19711FA6-95D5-BBCD-D9EB-93F1599D07BA</referredTableID>
<keyObject>8D3507D5-CD4A-32EF-7090-5D739D590D67</keyObject>
<referredKeyID>8D3507D5-CD4A-32EF-7090-5D739D590D67</referredKeyID>
<mandatory>true</mandatory>
<refColNames>Houseshare_code</refColNames>
<transferable>true</transferable>
<rely>false</rely>
<columnDependencyConstraintGenerateInDDL>true</columnDependencyConstraintGenerateInDDL>
</FKIndexAssociation>