<?xml version = '1.0' encoding = 'UTF-8'?>
<FKIndexAssociation class="oracle.dbtools.crest.model.design.relational.FKIndexAssociation" directorySegmentName="seg_0" id="F5ABA589-7D26-FA4F-45DC-AB1E783F882C" containerWithKeyObject="A0901A93-2B7F-87C7-FDD4-5D7F9BF6A99E" localFKIndex="EB0697FA-B312-D608-BA1D-FF52E4E4BD17" name="HOUSEKEEPER_ASSIGNMENT">
<createdBy>admin</createdBy>
<createdTime>2019-05-01 01:15:43 UTC</createdTime>
<generatorID>03E75367-255A-2489-517D-171A7F1C1E2D</generatorID>
<ownerDesignName>FIT3171_Logical_Model</ownerDesignName>
<referredTableLongName>HOUSEKEEPER</referredTableLongName>
<deleteRule>NO ACTION</deleteRule>
<referredTableID>E9CD8F71-06BF-5FBA-65AA-DA24B4132F7A</referredTableID>
<keyObject>538818E6-2C15-F50F-EC32-138A6CC75392</keyObject>
<referredKeyID>538818E6-2C15-F50F-EC32-138A6CC75392</referredKeyID>
<mandatory>true</mandatory>
<refColNames>Keeper_id</refColNames>
<transferable>true</transferable>
<rely>false</rely>
<columnDependencyConstraintGenerateInDDL>true</columnDependencyConstraintGenerateInDDL>
</FKIndexAssociation>